image,complex,complex_true,frog_eye_leaf_spot,frog_eye_leaf_spot_true,healthy,healthy_true,powdery_mildew,powdery_mildew_true,rust,rust_true,scab,scab_true
8002cb321f8bfcdf.jpg,12,13,5,13,0,0,0,0,0,0,6,13
806878cdcb8df99a.jpg,11,13,5,13,0,0,0,0,0,0,5,13
80769797ce42f658.jpg,1,0,13,13,0,0,0,0,0,0,4,13
8079176b1b970bda.jpg,0,0,9,0,0,0,0,0,0,0,8,9
8085d341ee57f03f.jpg,1,0,11,0,0,0,0,0,0,0,9,11
808734da3f595b59.jpg,11,13,9,13,0,0,0,0,0,0,1,0
809106ca5fc7735f.jpg,0,8,0,0,0,0,0,0,8,0,0,0
80933fcc6a673636.jpg,0,0,6,13,0,0,0,0,13,13,0,0
809495769b64f3b5.jpg,3,13,0,0,0,0,13,13,0,0,0,0
80b0b0dacf697db4.jpg,0,0,0,0,0,8,5,0,0,0,1,0
80ca8fea677591d1.jpg,7,0,7,13,0,0,0,0,0,0,6,13
80d32f977a83d0ea.jpg,1,9,2,0,0,0,0,0,0,0,8,0
80d76587b00f9d5e.jpg,11,0,4,13,0,0,0,0,3,0,4,13
80df68fa0c30fd95.jpg,5,12,12,0,0,0,0,0,0,0,8,0
80ee3116d267bae3.jpg,3,12,11,0,0,0,0,0,0,0,1,0
80ef3f8fc2c0f1e0.jpg,9,0,8,13,0,0,0,0,0,0,4,13
80fac59d5be8a0e5.jpg,2,9,9,0,0,0,0,0,0,0,0,0
80fe30e308cf2f9d.jpg,0,0,13,13,0,0,0,0,0,0,2,13
8116dfcc0ccf6636.jpg,13,13,7,13,0,0,0,0,0,0,1,0
8182cdbe52686ebd.jpg,13,13,6,13,0,0,0,0,0,0,3,13
818789d9d752247f.jpg,3,0,13,13,0,0,0,0,0,0,9,13
818a4bcfdb78385c.jpg,8,10,0,0,0,0,9,0,0,0,0,0
8193ea38ede4e586.jpg,0,0,13,13,0,0,0,0,0,0,12,13
819f1fa0e0a1f774.jpg,9,0,10,13,0,0,0,0,0,0,7,13
81aba2e1c0f7fce0.jpg,9,0,8,13,0,0,0,0,0,0,2,13
81ad1d4bed8b20fa.jpg,9,10,0,0,0,0,0,0,10,0,0,0
81b09bc35d29cb67.jpg,1,0,13,13,0,0,0,0,0,0,13,13
81b497c66e6670b5.jpg,0,0,6,13,0,0,0,0,13,13,0,0
81bbd2fa8fd04c94.jpg,0,0,0,0,8,0,0,0,0,0,1,9
81e298f1dd872537.jpg,3,9,8,0,0,0,0,0,0,0,0,0
81ee9fb0217b14d3.jpg,9,13,0,0,0,0,0,0,8,13,0,0
81ef1bc2e12da36a.jpg,5,13,13,13,0,0,0,0,0,0,8,13
81effbd16a11e062.jpg,1,0,13,13,0,0,0,0,0,0,13,13
81f0fc4b0d62e957.jpg,3,0,11,13,0,0,0,0,0,0,4,13
81f497994a696f16.jpg,12,0,2,13,0,0,0,0,0,0,4,13
81fc34b140c5fb73.jpg,5,12,11,0,0,0,0,0,0,0,5,0
81ff35908a9ecf81.jpg,1,8,8,0,0,0,0,0,0,0,1,0
8217561f56b0abe9.jpg,1,0,13,13,0,0,0,0,0,0,4,13
821d7a1a16fafd48.jpg,5,9,9,0,0,0,0,0,0,0,0,0
82ad04966efe689d.jpg,0,0,13,13,0,0,0,0,0,0,13,13
82c3830f3bd2d1db.jpg,13,13,0,0,0,0,13,13,0,0,0,0
82cf0fc4458cfd78.jpg,0,0,10,0,0,0,0,0,0,0,10,10
82fb3ecab8e0b08d.jpg,0,12,12,0,0,0,0,0,0,0,0,0
82fd26291f4b4d4b.jpg,0,0,13,13,0,0,0,0,0,0,4,13
838183cd39b95b7a.jpg,0,0,1,0,6,0,0,0,0,0,1,8
8382d879b75e2ac5.jpg,6,13,0,0,0,0,13,13,0,0,0,0
8382e784dfe6c836.jpg,2,12,12,0,0,0,0,0,0,0,3,0
8393326b99d9c63c.jpg,6,13,0,0,0,0,13,13,0,0,0,0
839d6e94c94d3659.jpg,3,0,0,0,0,0,0,0,3,8,2,0
83a2d8f5cbe2896a.jpg,13,13,6,13,0,0,0,0,0,0,0,0
83a39fdac02333cd.jpg,8,9,9,0,0,0,0,0,0,0,3,0
83ac643ac99dc7c9.jpg,8,0,5,13,0,0,0,0,2,0,4,13
83c5b3ab0bbc98c6.jpg,11,13,0,0,0,0,13,13,0,0,0,0
841ec6647abf954c.jpg,11,13,7,13,0,0,0,0,0,0,4,13
842af660beab7d0c.jpg,6,0,11,13,0,0,0,0,0,0,11,13
848a5a93c3f9696d.jpg,0,0,13,13,0,0,0,0,0,0,1,13
8492e1cd9b3a25af.jpg,7,0,9,13,0,0,0,0,0,0,6,13
84acd56eeda13c8a.jpg,9,0,5,13,0,0,0,0,0,0,7,13
84ae17f54c8c787a.jpg,10,0,5,11,0,0,0,0,1,0,0,0
84bc16a55aaaa9f5.jpg,6,10,9,0,0,0,0,0,0,0,4,0
84bc36cccfa42b6a.jpg,6,13,0,0,0,0,13,13,0,0,0,0
84c2a353dbf8e84d.jpg,3,0,13,13,0,0,0,0,0,0,11,13
84dbe99149b16937.jpg,2,8,8,0,0,0,0,0,1,0,1,0
84e965a9b7b24b54.jpg,5,13,12,13,0,0,0,0,0,0,0,0
850fc6c134777339.jpg,13,13,0,0,0,0,6,13,2,0,1,0
851acda42bb3691f.jpg,0,0,13,13,0,0,0,0,0,0,2,13
853067b3ec9c52ae.jpg,0,0,13,13,0,0,0,0,0,0,2,13
85627f54c22dd66a.jpg,2,10,3,0,0,0,0,0,0,0,10,0
8573a5c2722e67b4.jpg,7,13,3,13,0,0,0,0,0,0,12,13
858ade6ea27592b8.jpg,5,0,12,13,0,0,0,0,0,0,9,13
8592d26bae65643e.jpg,8,0,11,13,0,0,0,0,0,0,12,13
859f7d5af850a055.jpg,6,0,13,13,0,0,0,0,0,0,6,13
85a16b9d71518f36.jpg,0,0,13,13,0,0,0,0,0,0,7,13
85b5c98f1a9227a7.jpg,13,13,5,13,0,0,0,0,0,0,3,13
85b67a4d69783a4a.jpg,0,0,11,13,0,0,0,0,0,0,13,13
85bc1ec16d5e444f.jpg,10,0,5,13,0,0,0,0,0,0,4,13
85c772ca7c2bea30.jpg,8,0,6,13,0,0,0,0,0,0,5,13
85c8c8ae6dda33ac.jpg,4,0,8,13,0,0,0,0,0,0,5,13
85cb3b21f8adc156.jpg,2,13,0,0,0,0,13,13,0,0,0,0
85d0e1b0ea59b72e.jpg,4,9,8,0,0,0,0,0,0,0,7,0
85d42cce0e8ddc6d.jpg,3,11,8,0,0,0,0,0,0,0,11,0
85e9aa974552ec53.jpg,1,0,12,13,0,0,0,0,0,0,2,13
85f562b5613a317c.jpg,7,13,0,0,0,0,13,13,0,0,0,0
8625cac187c3dfd2.jpg,1,13,13,13,0,0,0,0,0,0,3,13
86977a4aa7a4d25a.jpg,3,0,0,0,0,0,0,0,1,10,6,0
86ba2995cd745965.jpg,0,0,0,0,0,0,0,0,1,9,7,0
86ea27634759d855.jpg,0,0,0,0,11,0,0,0,0,0,0,11
877b607ae9480e6e.jpg,12,13,6,13,0,0,0,0,0,0,6,13
87803bc0e9c7b43f.jpg,0,0,4,13,0,0,0,0,13,13,0,0
8780b695d39cdf81.jpg,7,11,11,0,0,0,0,0,0,0,0,0
87851bc59ace671a.jpg,0,0,3,13,0,0,0,0,13,13,0,0
87997941ead51e54.jpg,0,0,10,13,0,0,0,0,0,0,13,13
87ac7a4276d11697.jpg,5,0,8,13,0,0,0,0,0,0,11,13
87b3d6c28caade82.jpg,12,13,0,0,0,0,0,0,6,13,0,0
87c361d0d9ac96f2.jpg,1,11,10,0,0,0,0,0,0,0,1,0
87c917a54876782f.jpg,0,11,1,0,1,0,4,0,0,0,0,0
87d578ca8e0b5c39.jpg,0,0,2,13,0,0,0,0,0,0,13,13
87da845fd4e0b4b4.jpg,0,0,13,13,0,0,0,0,0,0,11,13
87f0c18f3ca926a7.jpg,5,0,1,8,0,0,0,0,3,0,0,0
87f41ada746b2b05.jpg,11,0,5,13,0,0,0,0,0,0,1,13
87fe1965b448b546.jpg,0,0,13,13,0,0,0,0,0,0,3,13
8828f5f9daa9582d.jpg,9,0,10,13,0,0,0,0,0,0,8,13
883fc03fd4239baa.jpg,0,0,11,0,0,0,0,0,0,0,0,11
8893eab31d3aca9a.jpg,8,0,9,13,0,0,0,0,4,13,0,0
88afae61867e9839.jpg,0,0,0,0,0,0,1,9,0,0,6,0
88b0ad3f2d4dd744.jpg,2,0,13,13,0,0,0,0,0,0,7,13
88b65ca79970317b.jpg,0,0,0,0,0,8,1,0,0,0,2,0
88ddc1bf69786162.jpg,0,10,0,0,0,0,0,0,9,0,0,0
891cfb68a5a0e597.jpg,6,0,8,13,0,0,0,0,0,0,6,13
8928abb983bdf605.jpg,11,13,9,13,0,0,0,0,0,0,4,13
893d2a3ed27614d9.jpg,0,0,5,13,0,0,0,0,13,13,0,0
8989898f8f8e2c7e.jpg,0,0,3,13,0,0,0,0,13,13,0,0
89a1368aeb2dc5b6.jpg,1,11,10,0,0,0,0,0,0,0,2,0
89a1c7961b50ff49.jpg,3,9,9,0,0,0,0,0,0,0,0,0
89bc19fcf830c6e8.jpg,10,13,0,0,0,0,0,0,12,13,0,0
89d8ba3c28cde1f8.jpg,5,0,3,8,0,0,0,0,2,0,1,0
89ec38ce60c9c7f1.jpg,12,13,4,13,0,0,0,0,0,0,4,13
8a954b82bf81f2bc.jpg,8,13,0,0,0,0,0,0,13,13,0,0
8aa2c8cb981bfa3b.jpg,2,9,9,0,0,0,0,0,0,0,0,0
8aa555561d3e7526.jpg,0,0,0,0,0,0,8,0,0,0,1,8
8aa78fd5c6c0cec2.jpg,2,0,4,13,0,0,0,0,13,13,0,0
8ab2b0f6d9c521cd.jpg,0,0,0,0,11,0,0,0,0,0,1,11
8aba9198abdd239c.jpg,0,0,13,13,0,0,0,0,0,0,7,13
8acd25962f9555b8.jpg,0,0,13,13,0,0,0,0,0,0,13,13
8ad11d7dec22d923.jpg,4,13,11,13,0,0,0,0,0,0,10,13
8aed7afd24153852.jpg,0,0,13,13,0,0,0,0,0,0,7,13
8af476a0d552daa3.jpg,0,0,0,0,7,0,0,0,0,0,2,8
8af6259582af8aab.jpg,0,0,0,0,8,0,0,0,0,0,0,9
8b0c607c9322dbfb.jpg,5,9,9,0,0,0,0,0,0,0,4,0
8b4f631bd3d89283.jpg,2,8,7,0,0,0,0,0,0,0,2,0
8b5949683db29ed2.jpg,8,0,10,13,0,0,0,0,0,0,10,13
8babd3938f9ab820.jpg,4,0,10,13,0,0,0,0,0,0,6,13
8bbb17a59b16851a.jpg,13,13,6,13,0,0,0,0,0,0,0,0
8bc23d6d65b5ec04.jpg,0,0,5,13,0,0,0,0,13,13,0,0
8bc27bdbdf8092a0.jpg,1,0,9,13,0,0,0,0,9,13,0,0
8be1e1c75823585f.jpg,0,0,7,13,0,0,0,0,0,0,13,13
8c193aec8b674676.jpg,2,0,5,0,0,0,0,0,1,9,0,0
8c539728dbb64bd0.jpg,0,0,5,13,0,0,0,0,13,13,0,0
8c72c9bdcb7860e8.jpg,3,0,10,13,0,0,0,0,0,0,12,13
8c83d4cbc5c8e5f4.jpg,8,13,9,13,0,0,0,0,0,0,7,13
8c8f6df5b4e070c8.jpg,5,0,6,13,0,0,0,0,11,13,0,0
8c94b4d7bb83194b.jpg,3,0,11,13,0,0,0,0,0,0,10,13
8ca5a13c3653aee3.jpg,3,10,10,0,0,0,0,0,0,0,3,0
8ca723999d1f634c.jpg,1,0,4,13,0,0,0,0,13,13,0,0
8cc32cc7f82f81f8.jpg,0,11,0,0,0,0,0,0,0,0,9,0
8ce23594509fe8bd.jpg,0,0,13,13,0,0,0,0,0,0,10,13
8ceaba5894836ee9.jpg,8,13,0,0,0,0,13,13,0,0,0,0
8cec462ef8f07b28.jpg,5,13,0,0,0,0,13,13,0,0,0,0
8cf1f6de564e1508.jpg,1,10,10,0,0,0,0,0,0,0,0,0
8d1a6772727115d3.jpg,2,9,9,0,0,0,0,0,0,0,9,0
8d1b96903c576b35.jpg,4,9,9,0,0,0,0,0,0,0,0,0
8d3a35c93883e5dc.jpg,0,0,13,13,0,0,0,0,0,0,4,13
8d3d38c4f30c4f99.jpg,5,10,0,0,0,0,8,0,0,0,1,0
8d5032d4cc1e3e5f.jpg,0,10,1,0,0,0,0,0,0,0,7,0
8d7738de63c21638.jpg,0,11,0,0,0,0,0,0,0,0,9,0
8d784bc9270bb2ab.jpg,8,13,10,13,0,0,0,0,0,0,7,13
8d831637ac936d71.jpg,0,0,13,13,0,0,0,0,0,0,4,13
8d873cc2143dfb1c.jpg,0,9,9,0,0,0,0,0,0,0,6,0
8d98e55fc60bc954.jpg,3,0,12,13,0,0,0,0,0,0,10,13
8d98efc88aa54567.jpg,0,8,8,0,0,0,0,0,0,0,8,0
8d9b775a5141f885.jpg,0,0,1,8,8,0,0,0,0,0,0,0
8db43550701f63af.jpg,3,13,1,0,0,0,0,0,13,13,0,0
8dd07faa425a62ba.jpg,5,0,12,13,0,0,0,0,0,0,6,13
8df10b20117f7bc3.jpg,0,0,0,0,11,0,0,0,0,0,0,12
8dfb309d029d43cd.jpg,13,13,12,13,0,0,0,0,0,0,7,13
8e65c49ba790d374.jpg,11,13,5,13,0,0,5,0,0,0,3,13
8e78fa35c31587c4.jpg,0,0,5,13,0,0,0,0,13,13,0,0
8e83dac669f0347a.jpg,4,10,9,0,0,0,0,0,0,0,10,0
8f29b095d11f82f5.jpg,3,0,12,13,0,0,0,0,0,0,9,13
8fa015834a0bcdff.jpg,9,0,7,13,0,0,0,0,0,0,5,13
8fea9a84df028e99.jpg,2,13,0,0,0,0,0,0,4,13,6,0
8feed8d130af2258.jpg,6,10,10,0,0,0,0,0,0,0,0,0
9049decd9589af52.jpg,6,0,6,13,0,0,0,0,7,13,0,0
906bb5025ab54fb9.jpg,7,13,12,13,0,0,0,0,0,0,0,0
909d9bf73e609684.jpg,0,0,0,0,5,8,0,0,0,0,8,0
90c9896d9f124cfb.jpg,7,0,6,13,0,0,0,0,0,0,7,13
90c9e9d1b7f021b6.jpg,11,13,13,13,0,0,0,0,0,0,7,13
90c9ff43a98a54ae.jpg,10,13,0,0,0,0,13,13,0,0,0,0
90ca708e8f9fc731.jpg,2,0,13,13,0,0,0,0,0,0,11,13
90d5cacc59a33b72.jpg,13,13,6,13,0,0,0,0,0,0,1,0
90df66a17f502e13.jpg,2,9,0,0,0,0,0,0,7,0,0,0
90f0864f7238bb4f.jpg,10,13,0,0,0,0,13,13,0,0,0,0
90f4db6502133bdd.jpg,0,0,9,0,0,0,0,0,0,0,0,9
916bd321c3b374b1.jpg,0,0,3,13,0,0,0,0,13,13,0,0
916dc15d609b3aae.jpg,6,0,10,13,0,0,0,0,0,0,10,13
916e8270ad96dcd3.jpg,12,13,7,13,0,0,0,0,0,0,8,13
91aa99c1c877e0bd.jpg,5,13,12,13,0,0,0,0,0,0,11,13
91d981e7c95ebc84.jpg,3,0,12,13,0,0,0,0,0,0,8,13
91e473e8f8d4f0d0.jpg,9,0,9,13,0,0,0,0,0,0,8,13
91fc00c0fff7e0d0.jpg,0,0,0,0,8,0,0,0,0,0,0,11
9235e2d28b7aed48.jpg,0,0,13,13,0,0,0,0,0,0,9,13
9265699e34ce914f.jpg,0,0,13,13,0,0,0,0,0,0,3,13
928524ea9778cb9e.jpg,1,9,0,0,0,0,0,0,0,0,8,0
9291d9cec42d8e4f.jpg,1,0,0,0,0,0,0,0,1,11,8,0
92a2438695cfa7f4.jpg,9,13,13,13,0,0,0,0,0,0,7,13
92a91fd0b485fa9a.jpg,2,8,8,0,0,0,0,0,0,0,0,0
92ab722d2beb8711.jpg,0,9,9,0,0,0,0,0,1,0,0,0
92adca6d9536c50b.jpg,1,0,5,13,0,0,0,0,13,13,0,0
92c5cdb008f73f8a.jpg,9,9,0,0,0,0,9,0,0,0,0,0
92cbb5dfc1a844ac.jpg,0,0,0,0,9,0,0,0,0,0,0,9
92d26b42e665b26d.jpg,0,0,8,0,0,0,0,0,0,0,8,9
92e1db96acc8dc1c.jpg,12,13,11,13,0,0,0,0,0,0,2,0
92e4c4964f8f370d.jpg,0,0,8,0,2,8,0,0,0,0,0,0
92ed68e5833bd831.jpg,1,8,0,0,0,0,0,0,3,0,4,0
937781c0768365be.jpg,0,0,0,0,0,10,1,0,0,0,9,0
939760c29c3eb5b8.jpg,3,10,10,0,0,0,0,0,0,0,1,0
93af6f802c847ec6.jpg,3,12,12,0,0,0,0,0,0,0,5,0
93b2a2dec65c2b43.jpg,13,13,0,0,0,0,0,0,5,13,0,0
93baa3e3ca4052fa.jpg,5,13,0,0,0,0,13,13,0,0,0,0
93e671c6923b3a31.jpg,8,0,8,13,0,0,0,0,0,0,6,13
93f5c44a1efc1c51.jpg,13,13,8,13,0,0,0,0,0,0,2,0
9414b26503ce97bf.jpg,1,0,12,13,0,0,0,0,0,0,11,13
941e35f50399bd92.jpg,4,0,11,13,0,0,0,0,0,0,4,13
942c8c9cdf5b28f4.jpg,0,0,0,0,0,9,0,0,8,0,1,0
9453cab9ec70748d.jpg,0,0,13,13,0,0,0,0,0,0,2,13
946acb2709c33cd7.jpg,0,0,8,0,0,0,0,0,0,0,0,10
948fea9e6ca0c536.jpg,7,0,0,0,0,0,4,8,0,0,0,0
94934aba435fac69.jpg,2,10,10,0,0,0,0,0,0,0,0,0
9499194cceb2ced3.jpg,0,0,8,13,0,0,0,0,0,0,13,13
94a0c0e703eeaf37.jpg,1,0,12,13,0,0,0,0,0,0,12,13
94a162efd2bad0f0.jpg,10,0,4,10,0,0,0,0,0,0,0,0
94c6db7e61330e70.jpg,8,0,1,0,0,0,0,0,3,9,0,0
94c86f554fbe6901.jpg,1,9,9,0,0,0,0,0,0,0,0,0
94c8b450b075eded.jpg,12,13,1,0,0,0,0,0,12,13,0,0
94cb308cde731771.jpg,5,13,12,13,0,0,0,0,0,0,4,13
94ccde9c16ba2723.jpg,0,0,0,0,0,9,0,0,0,0,8,0
94cdcaa23e732ba4.jpg,2,11,3,0,0,0,0,0,0,0,11,0
94d0737b69af105c.jpg,2,0,9,0,0,0,0,0,0,0,7,12
94dac92d3eb3b0c1.jpg,3,0,10,13,0,0,0,0,0,0,7,13
94e1c00f7d3c31f3.jpg,0,10,0,0,0,0,0,0,0,0,10,0
94e1c6c79e9f0968.jpg,4,9,2,0,0,0,0,0,0,0,7,0
94f070819b9abaed.jpg,6,0,9,13,0,0,0,0,0,0,6,13
94fc1c9a0d8b6d6a.jpg,9,0,6,13,0,0,0,0,0,0,6,13
95076ec69f783a30.jpg,1,11,0,0,0,0,0,0,0,0,11,0
951e95a4736ae24b.jpg,0,9,0,0,5,0,0,0,2,0,0,0
951f63af3c3052d4.jpg,13,13,4,13,0,0,0,0,0,0,4,13
95276ccd226ad933.jpg,0,0,0,11,4,0,0,0,1,0,0,0
952a2e7cf279508d.jpg,3,0,0,0,0,0,0,0,4,8,3,0
952ab5128bb5abb8.jpg,0,0,13,13,0,0,0,0,0,0,12,13
9552b13f9bba5920.jpg,0,0,0,0,12,0,0,0,0,0,0,12
955b9ac5cc86949b.jpg,4,13,13,13,0,0,0,0,0,0,9,13
9569383f433a6f41.jpg,0,0,11,13,0,0,0,0,4,13,1,0
956e992b3d25348d.jpg,0,0,10,13,0,0,0,0,0,0,11,13
9588e71ccbba934c.jpg,0,11,0,0,0,0,0,0,0,0,10,0
958a3e3fc16596c2.jpg,0,9,9,0,0,0,0,0,0,0,3,0
958e956912b5a4be.jpg,0,12,3,0,0,0,0,0,0,0,8,0
9598d27a2caa0e3f.jpg,0,0,11,13,0,0,0,0,0,0,12,13
959dc2e94b1d1c87.jpg,0,0,12,13,0,0,0,0,0,0,2,13
959f89e2363581c7.jpg,13,13,6,13,0,0,0,0,0,0,0,0
95b0af58eb249497.jpg,13,13,8,13,0,0,0,0,0,0,5,13
95c1c8caf7a7710c.jpg,3,13,0,0,0,0,13,13,0,0,0,0
95cd4b9409e9972d.jpg,7,8,8,0,0,0,0,0,0,0,1,0
95dfd2b021222fcd.jpg,9,0,6,13,0,0,0,0,0,0,4,13
95e2e5fad05508ab.jpg,0,8,8,0,0,0,0,0,0,0,8,0
95e922d99bcba431.jpg,8,0,8,13,0,0,0,0,0,0,6,13
95f565a7c849634c.jpg,0,0,0,0,0,0,0,10,0,0,4,0
962d4fc54b1ef106.jpg,3,13,0,0,0,0,13,13,0,0,0,0
9671d504dcec087f.jpg,0,0,0,10,0,0,0,0,0,0,6,0
968ec735bd21784c.jpg,4,10,1,0,0,0,0,0,9,0,0,0
968ed9a34e54f03a.jpg,2,0,5,13,0,0,0,0,13,13,0,0
969036c3c36bfa0b.jpg,0,0,0,0,1,0,10,0,0,0,4,11
96abab3ab9561514.jpg,2,0,1,0,0,0,0,0,2,8,4,0
96b66b3a1f311394.jpg,0,0,10,0,0,0,0,0,0,0,6,10
96d6c0c11f7b3a13.jpg,5,13,13,13,0,0,0,0,0,0,2,0
96e0ec34d056d38f.jpg,0,0,1,0,5,0,0,0,0,0,0,8
96e313a663998f49.jpg,4,11,10,0,0,0,0,0,0,0,10,0
97026ab5b2176957.jpg,0,8,7,0,0,0,0,0,0,0,8,0
97239796cada3858.jpg,8,13,12,13,0,0,0,0,0,0,11,13
9736e0538d1d3cd4.jpg,9,0,8,13,0,0,0,0,0,0,6,13
9742c28e983ef46b.jpg,7,0,7,13,0,0,0,0,1,0,5,13
975ad22d8b947790.jpg,7,0,5,8,0,0,0,0,0,0,0,0
9783bb9285407f65.jpg,5,13,13,13,0,0,0,0,0,0,4,0
97868c9f139b1a0f.jpg,6,13,0,0,0,0,9,13,0,0,0,0
97872580cafb7c13.jpg,0,0,11,0,0,0,0,0,0,0,0,11
97891870786e787e.jpg,0,0,13,13,0,0,0,0,0,0,4,13
9792cb5b859d448d.jpg,13,13,6,13,0,0,0,0,0,0,0,0
9796ce55ec7608a2.jpg,9,0,4,13,0,0,0,0,6,13,0,0
979968d5972234a7.jpg,0,0,5,13,0,0,0,0,0,0,13,13
97a1699535c334cb.jpg,0,0,13,13,0,0,0,0,0,0,4,13
97aaac8d23e74706.jpg,8,0,8,13,0,0,0,0,0,0,6,13
97bc38832d4ebc26.jpg,11,13,0,0,0,0,5,13,2,0,0,0
97cb96ead0c481f4.jpg,10,0,6,13,0,0,0,0,0,0,4,13
98370b962d1994df.jpg,0,0,12,13,0,0,0,0,0,0,12,13
98810a3d6d3bbe5a.jpg,0,0,12,0,0,0,0,0,0,0,2,12
9894ad9bae345365.jpg,5,13,0,0,0,0,0,0,13,13,0,0
9896e006e936fe8b.jpg,8,0,0,0,0,0,0,0,8,8,0,0
98a3131f632d637a.jpg,0,0,9,0,0,0,0,0,1,10,0,0
98e6cb8e3c9c7123.jpg,5,0,13,13,0,0,0,0,0,0,5,13
98eb956d06766692.jpg,0,0,3,13,0,0,0,0,0,0,13,13
98ed7790911b59ca.jpg,4,9,8,0,0,0,0,0,0,0,4,0
99328b5ab598eca6.jpg,11,13,7,13,0,0,0,0,0,0,1,0
996fc1c4dd6c3c0a.jpg,8,9,8,0,0,0,0,0,0,0,7,0
9989e1270d97b497.jpg,0,11,0,0,4,0,0,0,4,0,0,0
9994c666d7d92951.jpg,1,0,10,13,0,0,0,0,0,0,12,13
999e3ec01a2f7315.jpg,8,0,4,13,0,0,0,0,0,0,5,13
99c2989f3189772d.jpg,9,0,7,13,0,0,0,0,0,0,6,13
99cacfcf91d4d005.jpg,5,0,9,13,0,0,0,0,0,0,10,13
99da488e2f27626b.jpg,0,11,9,0,0,0,0,0,0,0,10,0
99e4f56b46212b36.jpg,0,0,13,13,0,0,0,0,0,0,12,13
9a6328ee7ae70c1c.jpg,0,0,13,13,0,0,0,0,0,0,4,13
9a895aa38db8b972.jpg,13,13,0,0,0,0,10,13,0,0,0,0
9a8967ca9bddc144.jpg,8,13,0,0,0,0,13,13,0,0,0,0
9aaa601f25d2b68f.jpg,3,0,6,13,0,0,0,0,13,13,0,0
9aad2e04b56c5755.jpg,0,0,12,13,0,0,0,0,0,0,13,13
9ab43a6c29e5e84b.jpg,6,0,13,13,0,0,0,0,0,0,6,13
9af86cc0e38dd156.jpg,0,8,0,0,0,0,0,0,0,0,4,0
9af936ad0d11495b.jpg,7,13,13,13,0,0,0,0,0,0,11,13
9b18e760da4d6ea4.jpg,0,0,13,13,0,0,0,0,0,0,13,13
9bac71d8c25a89ad.jpg,0,0,0,0,8,0,0,0,0,0,2,8
9bb9694b8e09e6a2.jpg,0,0,5,13,0,0,0,0,13,13,0,0
9bba23906bb0b678.jpg,1,10,9,0,0,0,0,0,0,0,9,0
9be53b86ee810e89.jpg,6,0,0,0,0,0,0,0,0,0,0,8
9be57075a795428a.jpg,4,13,11,13,0,0,0,0,0,0,2,13
9becf8e0308dca1e.jpg,4,8,7,0,0,0,0,0,1,0,2,0
9bf4cc56e08674c6.jpg,3,13,13,0,0,0,0,0,0,0,0,0
9c1c37d24bd8348f.jpg,3,8,8,0,0,0,0,0,0,0,1,0
9c32cd7db230ba26.jpg,5,0,9,13,0,0,0,0,0,0,8,13
9c6542de9c15e1e5.jpg,11,13,6,13,0,0,0,0,0,0,3,0
9c6cd46dadc86c98.jpg,11,13,12,13,0,0,0,0,0,0,0,0
9c744e8e2796433e.jpg,0,0,13,13,0,0,0,0,0,0,10,13
9ca1158f3927c35e.jpg,0,0,6,13,0,0,0,0,13,13,0,0
9ca496ca2f4aa5e5.jpg,10,0,9,13,0,0,0,0,0,0,3,13
9ca6cbe626f31489.jpg,11,13,8,13,0,0,0,0,0,0,0,0
9d143f83d82b4676.jpg,2,13,1,0,0,0,0,0,11,13,1,0
9d2580ddd91d0fb1.jpg,7,9,8,0,0,0,0,0,0,0,5,0
9d318966ec376b50.jpg,0,0,3,13,0,0,0,0,13,13,0,0
9d6e997acc886586.jpg,1,10,10,0,0,0,0,0,0,0,0,0
9db060c31ee7c4e9.jpg,4,13,10,13,0,0,0,0,3,0,0,0
9db072e315821ebd.jpg,2,0,11,13,0,0,0,0,0,0,12,13
9dc13034c7ab6aad.jpg,0,0,12,13,0,0,0,0,0,0,13,13
9dc29b60f3f42293.jpg,0,8,8,0,0,0,0,0,0,0,0,0
9dca3dc8bdc27482.jpg,0,0,13,13,0,0,0,0,0,0,11,13
9e0324f705fc03db.jpg,0,11,1,0,0,0,0,0,0,0,11,0
9e8ccf9a6c39a521.jpg,1,9,2,0,0,0,0,0,6,0,0,0
9eb19ebb49637012.jpg,10,13,12,13,0,0,0,0,0,0,9,13
9eb1f0c984e52dc6.jpg,2,0,12,13,0,0,0,0,0,0,11,13
9f2438e68986dd96.jpg,0,10,9,0,0,0,0,0,0,0,0,0
9f4abc8708c7ed12.jpg,13,13,5,13,0,0,0,0,0,0,5,13
9f8ca42c51f95356.jpg,1,0,13,13,0,0,0,0,0,0,13,13
9f99256166c89dd1.jpg,0,0,0,0,9,0,0,0,0,0,0,9
9fa089cb938bc175.jpg,2,10,10,0,0,0,0,0,0,0,0,0
9fa164c3e14ca79c.jpg,2,11,11,0,0,0,0,0,0,0,2,0
9faa95524ba48ce9.jpg,0,0,13,13,0,0,0,0,0,0,13,13
9fae93c06975720a.jpg,0,0,11,13,0,0,0,0,0,0,13,13
9faed2c7d28a4858.jpg,0,0,3,13,0,0,0,0,0,0,13,13
9fb6c6dedac00306.jpg,12,13,5,13,0,0,0,0,0,0,2,0
9fba239e1b31c149.jpg,4,8,8,0,0,0,0,0,0,0,3,0
9fc2d6662e3e3c10.jpg,0,0,5,0,2,0,0,0,0,0,0,9
9fe9c28c28730e9e.jpg,11,13,1,0,0,0,0,0,12,13,0,0
Train_1013.jpg,1,5,0,0,2,0,0,0,0,0,2,0
Train_1035.jpg,0,5,7,0,0,0,0,0,0,0,1,0
Train_1050.jpg,3,5,7,0,0,0,0,0,0,0,7,0
Train_1173.jpg,0,5,0,0,0,0,0,0,2,0,6,0
Train_122.jpg,3,5,0,0,0,0,0,0,8,0,0,0
Train_1236.jpg,1,5,0,0,0,0,0,0,8,0,0,0
Train_1270.jpg,1,5,3,0,0,0,0,0,1,0,4,0
Train_1433.jpg,0,5,0,0,0,0,0,0,8,0,0,0
Train_1454.jpg,5,5,0,0,0,0,0,0,7,0,0,0
Train_1526.jpg,2,5,2,0,0,0,0,0,8,0,0,0
Train_1609.jpg,2,5,0,0,0,0,0,0,8,0,0,0
Train_1618.jpg,0,5,2,0,0,0,0,0,6,0,0,0
Train_170.jpg,0,5,5,0,0,0,0,0,8,0,0,0
Train_1784.jpg,0,5,6,0,0,0,0,0,8,0,0,0
Train_303.jpg,1,0,0,0,7,0,0,0,0,0,0,8
Train_306.jpg,1,5,0,0,0,0,0,0,8,0,0,0
Train_336.jpg,4,5,2,0,0,0,0,0,0,0,0,0
Train_484.jpg,0,5,6,0,0,0,0,0,8,0,0,0
Train_535.jpg,1,5,6,0,0,0,0,0,8,0,0,0
Train_62.jpg,1,5,7,0,0,0,0,0,0,0,2,0
Train_645.jpg,1,5,0,0,0,0,0,0,8,0,0,0
Train_905.jpg,1,5,0,0,6,0,0,0,0,0,0,0
Train_936.jpg,1,5,0,0,4,0,0,0,1,0,1,0
Train_95.jpg,4,5,0,0,0,0,0,0,8,0,0,0
Train_998.jpg,0,0,0,0,0,0,2,0,5,0,1,8
a00bc74fdffc0e80.jpg,1,0,13,13,0,0,0,0,0,0,3,13
a01b5b3f1ce42756.jpg,0,0,8,13,0,0,0,0,0,0,13,13
a0260ff0da9f525d.jpg,8,0,2,8,0,0,0,0,0,0,0,0
a0281d97c3dadcab.jpg,4,0,13,13,0,0,0,0,0,0,2,13
a02cc3cfed653293.jpg,11,13,5,13,0,0,0,0,0,0,2,0
a02dcfdab0b46745.jpg,13,13,4,13,0,0,0,0,0,0,4,13
a03dc786dcc63c8b.jpg,10,0,0,0,0,0,0,0,1,10,0,0
a040c3cfdfdd900f.jpg,9,13,12,13,0,0,0,0,0,0,10,13
a0479acf496dec16.jpg,8,0,5,13,0,0,0,0,0,0,5,13
a04bde3e997baa08.jpg,12,13,6,13,0,0,0,0,0,0,4,0
a065c2f4ca986fdc.jpg,4,0,12,13,0,0,0,0,0,0,12,13
a0786f831db76269.jpg,0,13,13,13,0,0,0,0,0,0,2,13
a07c8d85566667ab.jpg,4,9,9,0,0,0,0,0,0,0,7,0
a082cbfccd78366a.jpg,6,11,11,0,0,0,0,0,0,0,2,0
a083c761ac7f02df.jpg,3,13,0,0,0,0,12,13,0,0,0,0
a085c59e9ff86f40.jpg,13,13,0,0,0,0,0,0,4,13,0,0
a0989e0b676b31fc.jpg,3,8,8,0,0,0,0,0,0,0,2,0
a0a4d6b04b536fcb.jpg,0,0,0,0,10,0,0,0,0,0,0,10
a0a62786d07b6bb9.jpg,13,13,6,13,0,0,0,0,0,0,0,0
a0b01bcf6c3c9df0.jpg,11,0,5,13,0,0,0,0,0,0,4,13
a0b1904bdf25de96.jpg,11,11,0,0,0,0,11,0,0,0,0,0
a0bdd5846289f5da.jpg,4,9,9,0,0,0,0,0,0,0,5,0
a0beb480cb8d4bbd.jpg,3,0,10,13,0,0,0,0,0,0,12,13
a0c7942e92ff4b38.jpg,9,0,7,13,0,0,0,0,0,0,6,13
a0c8d26e4e543fbc.jpg,7,0,12,13,0,0,0,0,6,13,0,0
a0d2c0edc636563f.jpg,0,10,0,0,0,0,7,0,0,0,0,0
a0d79b991b79a0b8.jpg,0,11,0,0,0,0,0,0,0,0,10,0
a0dadb96b1ab22e8.jpg,5,13,0,0,0,0,0,0,13,13,0,0
a0e4c2f68fd19f12.jpg,0,0,0,0,2,0,0,0,0,0,0,8
a0f4d2abc5f18ac5.jpg,9,0,7,13,0,0,0,0,0,0,5,13
a0fd96c3d8c38b85.jpg,9,0,8,13,0,0,0,0,0,0,4,13
a0fe22e4a7d78781.jpg,13,13,6,13,0,0,0,0,0,0,0,0
a101d7fe9fb09883.jpg,1,0,13,13,0,0,0,0,0,0,10,13
a10780475f5e78de.jpg,0,0,7,0,0,8,0,0,0,0,0,0
a109e396dfd84ae8.jpg,10,0,6,13,0,0,0,0,0,0,5,13
a10a934fdc357ab2.jpg,0,0,13,13,0,0,0,0,0,0,1,13
a10fd2cf4bc2cce2.jpg,3,0,8,13,0,0,0,0,0,0,13,13
a1459f8899d719ae.jpg,10,13,1,0,0,0,0,0,12,13,0,0
a148d4d4cdd20f7b.jpg,0,0,13,13,0,0,0,0,0,0,13,13
a14c9f7661b53668.jpg,8,0,6,13,0,0,0,0,1,0,6,13
a14d9525d2b5f83a.jpg,4,0,13,13,0,0,0,0,0,0,5,13
a161c1cdcbd684bb.jpg,5,9,9,0,0,0,0,0,0,0,3,0
a162949fda64698f.jpg,11,13,1,0,0,0,6,13,0,0,0,0
a171e2db3ac39893.jpg,1,8,0,0,0,0,0,0,8,0,0,0
a17c9256abb7350a.jpg,13,13,0,0,0,0,13,13,0,0,0,0
a187da51ddb82c3a.jpg,4,13,0,0,0,0,0,0,13,13,0,0
a192929bdbc9db90.jpg,1,9,0,0,0,0,0,0,0,0,9,0
a19b129d77d42c65.jpg,0,0,13,13,0,0,0,0,0,0,4,13
a1ac3398e1cc87cf.jpg,1,8,8,0,0,0,0,0,0,0,3,0
a1ad49dac954d9a9.jpg,13,13,8,13,0,0,0,0,0,0,6,13
a1b29a439b8d45db.jpg,12,0,9,12,0,0,0,0,0,0,2,0
a1bfa1d697808bd2.jpg,13,13,4,13,0,0,0,0,1,0,1,0
a1cec1de0bc37c07.jpg,0,12,0,0,0,0,0,0,0,0,12,0
a1d48349ee9a9af8.jpg,2,11,11,0,0,0,0,0,0,0,0,0
a1d5314af2358d9b.jpg,0,0,13,13,0,0,0,0,0,0,13,13
a1e2c5531d3aab3a.jpg,7,0,9,13,0,0,0,0,0,0,5,13
a1e386fc4c8965d5.jpg,2,9,8,0,0,0,0,0,0,0,9,0
a1e5b2e787061f4a.jpg,9,13,12,13,0,0,0,0,0,0,11,13
a1e83a8a8d61cd3f.jpg,3,9,9,0,0,0,0,0,0,0,0,0
a1f06c6c5a566d4e.jpg,5,0,5,13,0,0,0,0,2,0,6,13
a1f7889c1e7d4329.jpg,8,8,8,0,0,0,0,0,0,0,0,0
a1fe53b22b05d607.jpg,13,13,0,0,0,0,0,0,9,13,0,0
a24391d7c6ef223a.jpg,1,0,3,8,0,0,0,0,5,0,0,0
a246d2a68a374df3.jpg,2,0,11,13,0,0,0,0,0,0,7,13
a24a92cbdada4b8b.jpg,1,0,13,13,0,0,0,0,0,0,10,13
a27ec2811c3f3e1e.jpg,6,8,0,0,0,0,8,0,0,0,0,0
a2859ad8d8d387f1.jpg,6,0,11,13,0,0,0,0,0,0,10,13
a2939d5865cde487.jpg,13,13,8,13,0,0,0,0,0,0,2,0
a295c76ace225ccb.jpg,1,11,0,0,0,0,0,0,0,0,11,0
a2a79382dbcf09cc.jpg,0,0,1,0,8,0,0,12,0,0,0,0
a2ae397a0b3db40d.jpg,13,13,2,13,0,0,0,0,0,0,0,0
a2aeb7a5508e7a8a.jpg,0,0,0,0,7,0,0,8,0,0,0,0
a2b5b7c28a89db25.jpg,9,0,13,13,0,0,0,0,0,0,12,13
a2be96953443c7e4.jpg,9,9,0,0,0,0,0,0,9,0,0,0
a2c0c789ee353769.jpg,0,9,9,0,0,0,0,0,0,0,0,0
a2e43784d2cf17c6.jpg,8,13,10,13,0,0,0,0,0,0,3,13
a36ecbe53c81a40f.jpg,0,8,0,0,0,0,0,0,7,0,0,0
a38f931c53e22d5c.jpg,4,0,13,13,0,0,0,0,0,0,8,13
a390d52dcae7709c.jpg,13,13,6,13,0,0,0,0,0,0,1,0
a39abcc338c7b708.jpg,0,0,0,0,9,0,0,0,0,0,1,12
a3be97d1c208cf85.jpg,1,12,12,0,0,0,0,0,0,0,0,0
a3c3c0633ec1793d.jpg,11,13,0,0,0,0,6,13,0,0,0,0
a411c99f0dd9ed43.jpg,6,10,10,0,0,0,0,0,0,0,1,0
a434962decbe9e12.jpg,3,0,12,13,0,0,0,0,0,0,10,13
a4434f25ed2a0bfa.jpg,13,13,10,13,0,0,0,0,0,0,6,0
a44b84ae7b38233f.jpg,0,0,0,0,8,0,1,9,0,0,0,0
a451cb96170dd62f.jpg,2,10,10,0,0,0,0,0,0,0,1,0
a45a4fe5bc87a948.jpg,8,0,7,13,0,0,0,0,0,0,12,13
a4648e1b4eddf194.jpg,0,0,13,13,0,0,0,0,0,0,11,13
a48ded0e4dc701ed.jpg,2,0,10,13,0,0,1,0,0,0,3,13
a48edf780f470f42.jpg,3,9,4,0,0,0,0,0,0,0,7,0
a492dfb8da499585.jpg,2,0,7,0,0,0,0,0,0,0,2,10
a497964a48a57b7c.jpg,0,0,0,0,8,0,0,0,0,0,1,8
a4979ee28acfc30c.jpg,12,0,5,13,0,0,0,0,0,0,4,13
a4b17595b24a5a2f.jpg,8,0,4,13,0,0,0,0,6,13,0,0
a4b3d2c945976e31.jpg,11,13,6,13,0,0,0,0,0,0,6,13
a4b48b5a5529776a.jpg,5,13,0,0,0,0,0,0,13,13,0,0
a4b59ac30bbd2c9a.jpg,13,13,5,13,0,0,0,0,0,0,1,0
a4b696ea9e6149e2.jpg,5,0,7,0,0,0,0,0,0,0,7,11
a4bf865aa1ca465d.jpg,13,13,6,13,0,0,0,0,0,0,1,0
a4c382d9c9b40f6f.jpg,5,0,10,13,0,0,0,0,0,0,9,13
a4cad2b6c197d68a.jpg,5,0,9,13,0,0,0,0,0,0,9,13
a4d099c85fac4b3b.jpg,11,13,4,13,0,0,0,0,0,0,5,13
a4d1c59b326336b6.jpg,1,0,0,8,0,0,0,0,6,0,0,0
a4d55a89d25a1d7a.jpg,7,0,12,13,0,0,0,0,0,0,11,13
a4dabc1b6be1446c.jpg,0,0,13,13,0,0,0,0,0,0,5,13
a4db6b9f16127aa0.jpg,0,0,13,13,0,0,0,0,0,0,10,13
a4dcd6e5acc3508b.jpg,4,0,11,13,1,0,0,0,3,13,6,0
a4e2d2074f9e649b.jpg,13,13,11,13,0,0,0,0,0,0,0,0
a4e484f23a9bc9d9.jpg,13,13,0,0,0,0,4,13,0,0,0,0
a4e5cae30f0fc887.jpg,9,13,10,13,0,0,0,0,0,0,10,13
a4f097c35f149678.jpg,4,0,12,13,0,0,0,0,0,0,12,13
a4f29693edcb6181.jpg,10,0,8,13,0,0,0,0,0,0,8,13
a4f2d4ad6c696472.jpg,12,0,9,13,0,0,0,0,0,0,8,13
a4f5c8f70c8169bc.jpg,3,0,13,13,0,0,0,0,0,0,13,13
a4f6b817bb0780e6.jpg,8,0,6,13,0,0,0,0,0,0,6,13
a4ff469c871cc2d4.jpg,10,13,4,13,0,0,0,0,0,0,5,13
a5030e3ec1ced9ec.jpg,3,11,11,0,0,0,0,0,0,0,4,0
a50ad20b9ab93d75.jpg,2,0,6,13,0,0,0,0,12,13,0,0
a512d469876ba6b5.jpg,8,13,0,0,0,0,0,0,13,13,0,0
a51a5a79e869d097.jpg,11,13,5,13,0,0,0,0,0,0,4,13
a52a97f1da105b39.jpg,10,13,11,13,0,0,0,0,0,0,9,0
a53fd2498b4d80fc.jpg,0,0,12,13,0,0,0,0,0,0,13,13
a5495bea4b602d75.jpg,6,0,13,13,0,0,0,0,0,0,3,13
a55c971a92e9bc83.jpg,0,0,0,0,8,0,0,0,0,0,0,9
a55f97b82a696d01.jpg,0,0,0,0,7,0,0,9,0,0,0,0
a56dd542a9aaa9aa.jpg,0,0,0,0,2,8,0,0,0,0,7,0
a57f9781c2f15381.jpg,1,0,13,13,0,0,0,0,0,0,3,13
a581c59e9ed9cd88.jpg,0,12,11,0,0,0,0,0,0,0,0,0
a583cadede382c70.jpg,5,0,12,13,0,0,0,0,0,0,6,13
a585531ba1793ee4.jpg,0,0,13,13,0,0,0,0,0,0,1,13
a5879fdad880eca8.jpg,0,8,0,0,2,0,0,0,0,0,1,0
a592db1dcb794071.jpg,4,0,13,13,0,0,0,0,0,0,13,13
a596846a3f1dc1ce.jpg,11,0,4,13,0,0,0,0,0,0,2,13
a597d288d318dd93.jpg,0,0,13,13,0,0,0,0,0,0,13,13
a59dd22dc9a67612.jpg,1,0,13,13,0,0,0,0,0,0,13,13
a59e9ee1f88470e2.jpg,9,0,6,13,0,0,0,0,0,0,3,13
a59f82684e36789d.jpg,8,13,11,13,0,0,0,0,0,0,3,13
a5a58b51c9fade80.jpg,0,0,6,13,0,0,0,0,0,0,13,13
a5add7c29c8a9899.jpg,1,0,8,13,0,0,0,0,0,0,13,13
a5b2da4bc9cc6cd0.jpg,6,9,9,0,0,0,0,0,0,0,0,0
a5b5926b47a46e32.jpg,6,0,8,13,0,0,0,0,0,0,9,13
a5b5a61d7cc056d2.jpg,11,13,10,13,0,0,0,0,0,0,10,13
a5b6d63e8e159831.jpg,13,13,0,0,0,0,11,13,0,0,0,0
a5bff6008a4719dc.jpg,10,0,10,13,0,0,0,0,0,0,6,13
a5c8844f67335b69.jpg,3,8,8,0,0,0,0,0,0,0,7,0
a5cda58d45ce54cc.jpg,11,13,10,13,0,0,0,0,0,0,6,13
a5ce4a5e45957ea0.jpg,0,0,13,13,0,0,0,0,0,0,9,13
a5de520f52ac9355.jpg,2,12,12,0,0,0,0,0,0,0,12,0
a5e0d6949c39696b.jpg,0,0,0,0,0,0,0,0,1,10,9,0
a5e1940b5e2fd592.jpg,9,0,5,13,0,0,0,0,0,0,6,13
a5e5db6960b4c683.jpg,13,13,6,13,0,0,0,0,0,0,5,13
a5e6c5be84285aad.jpg,13,13,9,13,0,0,0,0,0,0,9,13
a5eac60c9cbd851b.jpg,13,13,4,13,0,0,0,0,0,0,0,0
a5eeb294c45f2827.jpg,0,0,5,13,0,0,0,0,13,13,0,0
a5f092d8c06dcfe4.jpg,8,0,6,13,0,0,0,0,0,0,7,13
a5f868c91c3dab52.jpg,0,0,13,13,0,0,0,0,0,0,5,13
a696b130bd6e8f03.jpg,12,13,12,13,0,0,0,0,0,0,0,0
a69cd66ad42d522d.jpg,7,0,4,8,0,0,0,0,0,0,0,0
a6c2ab5d4aa3925b.jpg,7,13,0,0,0,0,10,13,0,0,1,0
a6caf2e69c24907b.jpg,9,13,10,13,0,0,0,0,0,0,9,13
a6d6666a80cd0ebe.jpg,2,0,13,13,0,0,0,0,0,0,9,13
a6da180e03fce94f.jpg,13,0,2,13,0,0,0,0,0,0,1,13
a709c787de901679.jpg,4,0,13,13,0,0,0,0,0,0,7,13
a71f2fcc4b14266c.jpg,1,11,0,0,0,0,8,0,0,0,0,0
a763bf621d544718.jpg,0,9,0,0,4,0,0,0,3,0,0,0
a768118771705f1f.jpg,4,0,6,13,0,0,0,0,13,13,0,0
a785c29f0edcdc30.jpg,0,11,0,0,0,0,0,0,0,0,10,0
a78cd5b6d09f01aa.jpg,8,9,9,0,0,0,0,0,0,0,9,0
a7b4f2d782baf400.jpg,10,13,0,0,0,0,6,13,0,0,1,0
a7c558e0412f5dea.jpg,13,13,3,13,0,0,0,0,0,0,1,0
a7cfd6b07942226c.jpg,0,0,0,0,9,0,0,0,0,0,0,10
a7d5ca94958b38c5.jpg,4,13,13,13,0,0,0,0,0,0,13,13
a7f3c2858ab5bd10.jpg,6,13,0,0,0,0,0,0,12,13,0,0
a805d77c93329e33.jpg,6,0,13,13,0,0,0,0,0,0,11,13
a82a41c0defc8fec.jpg,0,0,13,13,0,0,0,0,0,0,5,13
a835ecd68dd6b00b.jpg,0,0,13,13,0,0,0,0,0,0,4,13
a846c2c24bc6dbdd.jpg,3,11,9,0,0,0,0,0,0,0,11,0
a84fd0d589b026ef.jpg,0,9,0,0,0,0,0,0,2,0,2,0
a85ac87ff1571c90.jpg,1,0,10,13,0,0,0,0,0,0,8,13
a86b949dd20b9bd8.jpg,1,0,12,13,0,0,0,0,0,0,13,13
a880dc6756ed761c.jpg,10,13,7,13,0,0,0,0,0,0,0,0
a8858df4e4fe3618.jpg,8,0,8,13,0,0,0,0,0,0,7,13
a88795d8d2398b3d.jpg,4,13,0,0,0,0,13,13,0,0,0,0
a88895d7943f6a63.jpg,4,0,11,13,0,0,0,0,0,0,2,13
a889f5fe80d9d4c2.jpg,8,0,8,13,0,0,0,0,0,0,6,13
a88d63c9b8555daa.jpg,0,0,5,13,0,0,0,0,13,13,0,0
a88e14f511dcf7c1.jpg,7,0,5,13,0,0,0,0,8,13,0,0
a89006fad42f697d.jpg,13,0,8,13,0,0,0,0,0,0,6,13
a890eaeac748b72b.jpg,13,13,7,13,0,0,0,0,0,0,3,0
a8af94cacae5a586.jpg,6,13,7,13,0,0,0,0,2,0,3,13
a8b076d41bdc31e6.jpg,0,10,3,0,0,0,0,0,6,0,0,0
a8b3d4fa4a4b0575.jpg,0,8,0,0,0,0,0,0,7,0,0,0
a8b468ca9db79c0d.jpg,7,13,12,13,0,0,0,0,0,0,11,13
a8c397ed0aa55da4.jpg,1,11,0,0,0,0,0,0,10,0,0,0
a8c3d085c89e9ff8.jpg,3,9,9,0,0,0,0,0,0,0,1,0
a8c9b5c5365e9c2c.jpg,0,0,13,13,0,0,0,0,0,0,6,13
a8cd492386bb4af3.jpg,10,0,4,13,0,0,0,0,0,0,4,13
a8d36283f5639b26.jpg,0,0,13,13,0,0,0,0,0,0,4,13
a8da97cd4a2d29ac.jpg,11,0,11,13,0,0,0,0,0,0,5,13
a8dbcb8c3125269f.jpg,12,13,5,13,0,0,0,0,0,0,4,13
a8e1bc575f2b0155.jpg,0,0,10,0,0,0,0,0,0,0,3,11
a8e7811c6d68b7c3.jpg,2,0,3,13,0,0,0,0,12,13,1,0
a92e566c6b28ad2e.jpg,7,0,6,13,0,0,0,0,0,0,6,13
a9498f9d9b24e2a5.jpg,0,0,5,13,0,0,0,0,13,13,0,0
a94edd5905899cd6.jpg,9,13,0,0,0,0,0,0,12,13,0,0
a956c2bc9c9a32f1.jpg,7,0,11,13,0,0,0,0,0,0,3,13
a96ad6979a939194.jpg,1,10,10,0,0,0,0,0,0,0,0,0
a96bd2a58aba4a53.jpg,7,0,2,13,0,0,0,0,0,0,6,13
a96d9404de7f5921.jpg,3,0,13,13,0,0,0,0,0,0,4,13
a979eae4acb4c498.jpg,3,0,1,0,0,0,0,0,1,9,5,0
a97e8194db985a99.jpg,11,13,7,13,0,0,0,0,0,0,4,0
a98b9096da3bd915.jpg,11,0,5,13,0,0,0,0,0,0,2,13
a9945658da999b1b.jpg,8,0,8,13,0,0,0,0,0,0,6,13
a99fc3a8cb640f32.jpg,0,0,13,13,0,0,0,0,0,0,6,13
a9a5d54a0c2d0ebf.jpg,0,0,11,0,0,0,0,0,0,0,0,11
a9ae78d0f3617451.jpg,0,0,0,0,0,9,0,0,0,0,5,0
a9c83c9cf05d9276.jpg,4,0,11,13,0,0,0,0,0,0,12,13
a9c9cb413a2c3aee.jpg,9,13,11,13,0,0,0,0,0,0,0,0
a9d992642cd69cd3.jpg,13,13,5,13,0,0,0,0,0,0,0,0
a9dac6252dcf3584.jpg,12,13,0,0,0,0,12,13,0,0,0,0
a9f6a5c29d959095.jpg,3,0,3,13,0,0,2,0,0,0,10,13
aa0cf25ed3c89b43.jpg,9,13,10,13,0,0,0,0,0,0,6,13
aa25ca9edd116c0f.jpg,0,0,13,13,0,0,0,0,0,0,8,13
aa35cbb2a54b62a5.jpg,1,9,0,0,0,0,0,0,9,0,0,0
aa56d8cbff4a8184.jpg,6,0,10,13,0,0,0,0,0,0,2,13
aa6a97960f9037e4.jpg,7,13,11,13,0,0,0,0,0,0,11,0
aa6f82e81f403d1f.jpg,2,10,8,0,0,0,0,0,0,0,1,0
aa70703df786b047.jpg,7,13,11,13,0,0,0,0,0,0,5,0
aa8397518f3d44bc.jpg,13,13,5,13,0,0,0,0,0,0,3,13
aa889b998ad1f8e6.jpg,1,0,6,13,0,0,0,0,12,13,0,0
aa8ae1d4859edce8.jpg,8,0,8,13,0,0,0,0,0,0,6,13
aa9594ded2c95269.jpg,5,0,11,13,0,0,0,0,1,0,11,13
aa9cc64b58e538b6.jpg,13,13,6,13,0,0,0,0,0,0,0,0
aaa3955ad262b56c.jpg,9,0,10,13,0,0,0,0,0,0,8,13
aaa525d257129f4b.jpg,2,0,13,13,0,0,0,0,0,0,6,13
aaa90ec1c5694efa.jpg,1,0,2,10,0,0,0,0,4,0,0,0
aaa9b514c55aa575.jpg,2,0,13,13,0,0,0,0,0,0,10,13
aaae9592aa5b5a83.jpg,3,9,9,0,0,0,0,0,0,0,2,0
aab096b7030ae3f9.jpg,7,8,0,0,0,0,0,0,8,0,0,0
aab56d92d09390b7.jpg,0,0,13,13,0,0,0,0,0,0,11,13
aab5941defb14f00.jpg,11,0,7,13,0,0,0,0,1,0,3,13
aab6cd72ac6a2938.jpg,8,13,0,0,0,0,0,0,10,13,0,0
aacedff0d881c189.jpg,2,0,5,0,0,0,0,0,0,9,0,0
aad0bffb1114803f.jpg,9,13,9,13,0,0,0,0,0,0,0,0
aad5c5866a386b35.jpg,1,0,13,13,0,0,0,0,0,0,8,13
aada42daa86eba26.jpg,4,9,9,0,0,0,0,0,0,0,1,0
aae8958c56ae54b5.jpg,10,13,0,0,0,0,13,13,0,0,0,0
aae990e89b43d17a.jpg,1,0,7,13,0,0,0,0,0,0,13,13
aaeac6c1cdab0a9a.jpg,1,10,10,0,0,0,0,0,0,0,0,0
aaebd091d8b780d6.jpg,1,0,13,13,0,0,0,0,0,0,5,13
aaf242cd5e585792.jpg,0,0,13,13,0,0,0,0,0,0,9,13
aaf693d63e786009.jpg,8,13,0,0,0,0,0,0,8,13,0,0
ab03c135c7a5ad35.jpg,4,10,10,0,0,0,0,0,0,0,5,0
ab5e828e1bcf2887.jpg,5,13,10,13,0,0,0,0,0,0,0,0
ab6297b722417569.jpg,0,0,13,13,0,0,0,0,0,0,12,13
ab729ba3d25c4b88.jpg,2,0,13,13,0,0,0,0,0,0,13,13
ab83d29f12732e70.jpg,9,13,11,13,0,0,0,0,0,0,0,0
ab93ce1845a5f60e.jpg,12,13,10,13,0,0,0,0,0,0,0,0
ab95b71a0b8154af.jpg,1,0,12,13,0,0,0,0,0,0,11,13
aba437d04a0997dd.jpg,9,0,8,13,0,0,0,0,0,0,5,13
abb4cbe04807deac.jpg,9,0,4,13,0,0,0,0,4,13,0,0
abb59ff2c8664026.jpg,8,0,6,13,0,0,0,0,0,0,6,13
abc5bccad548b261.jpg,11,13,7,13,0,0,0,0,0,0,4,0
abda85519ea31a2d.jpg,0,8,0,0,0,0,0,0,5,0,0,0
abe3b583a8948c9d.jpg,0,0,12,13,0,0,0,0,0,0,13,13
abe89fc080e0f86f.jpg,7,0,9,13,0,0,0,0,0,0,6,13
abf2c4a71d683307.jpg,12,13,8,13,0,0,0,0,0,0,1,0
abfbe4d0b6413681.jpg,0,0,13,13,0,0,0,0,0,0,7,13
abfc3434959545ac.jpg,7,0,11,13,0,0,0,0,0,0,6,13
abfdb70914c81ad1.jpg,0,0,13,13,0,0,0,0,0,0,4,13
ac0bc171917f9be0.jpg,9,0,8,13,0,0,0,0,0,0,8,13
ac548d6b9530b6ec.jpg,2,13,0,0,0,0,0,0,13,13,0,0
ac7192cb8ba5e1cc.jpg,13,13,9,13,0,0,0,0,0,0,1,0
ac9c96484f5e585e.jpg,12,13,4,0,0,0,6,13,0,0,0,0
acadb5623c6ae852.jpg,0,0,12,13,0,0,0,0,0,0,13,13
acadc4c082cf7b4e.jpg,9,0,0,0,0,0,0,0,3,9,0,0
acc2c6adc9a8aee8.jpg,1,11,11,0,0,0,0,0,0,0,0,0
acc2d49e1830fce7.jpg,10,13,10,13,0,0,0,0,0,0,2,0
acc3963a9c6bc1e2.jpg,8,13,0,0,0,0,0,0,11,13,0,0
acca352bc245e2f5.jpg,2,0,13,13,0,0,0,0,0,0,13,13
acdcd4f2dae28930.jpg,0,0,9,0,1,9,0,0,0,0,0,0
ace5368bda87c10d.jpg,6,0,10,13,0,0,0,0,0,0,9,13
ace7bacf81291750.jpg,11,13,7,13,0,0,0,0,0,0,0,0
acf29ac1c9ce2792.jpg,0,0,13,13,0,0,0,0,0,0,1,13
acfb96d8c84d28e4.jpg,11,0,5,13,0,0,0,0,0,0,5,13
ad0eda613e86399a.jpg,1,12,0,0,0,0,0,0,12,0,0,0
ad189e2ecbd8c989.jpg,13,13,0,0,0,0,0,0,6,13,0,0
ad1af3bdc53084b4.jpg,7,0,0,0,0,0,4,0,1,10,0,0
ad2fd0249f92351b.jpg,2,0,13,13,0,0,0,0,0,0,5,13
ad3650d0cd63d9c5.jpg,0,0,13,13,0,0,0,0,0,0,7,13
ad42c4899ef1f0d3.jpg,1,10,0,0,0,0,0,0,9,0,0,0
ad52c5ea630d3fc0.jpg,9,0,7,13,0,0,0,0,0,0,6,13
ad8386e398adb564.jpg,10,0,2,0,0,0,0,0,6,12,0,0
ad889a666e3439cb.jpg,9,0,4,13,0,0,0,0,0,0,4,13
ad8c9bb81ee0d4b4.jpg,12,0,6,13,0,0,1,0,0,0,3,13
ad90949302ef3b3d.jpg,8,0,4,13,0,0,0,0,6,13,0,0
ad91921adb98ed92.jpg,0,0,13,13,0,0,0,0,0,0,10,13
ad93f5c1d26d48a4.jpg,0,10,10,0,0,0,0,0,0,0,0,0
ad9402e91c87f8de.jpg,9,0,11,13,0,0,0,0,0,0,5,13
ad94cab5da4833a9.jpg,3,0,5,13,0,0,0,0,0,0,10,13
ad99cf603bac421e.jpg,1,9,0,0,0,0,1,0,8,0,0,0
ada289cbce9a6649.jpg,0,10,9,0,0,0,0,0,1,0,0,0
ada7c018c23be975.jpg,0,0,13,13,0,0,0,0,0,0,12,13
ada7c4b3c469887a.jpg,8,13,9,13,0,0,0,0,0,0,9,13
adac93cac1b57a12.jpg,13,13,4,13,0,0,0,0,0,0,0,0
adad954ada673034.jpg,10,0,9,13,0,0,0,0,0,0,2,13
adb6d23dcb00cd98.jpg,4,0,10,13,0,0,0,0,0,0,12,13
adb6d4d2d6b19888.jpg,0,0,12,12,0,0,0,0,0,0,12,0
adbdc9c50dc24ad4.jpg,2,0,12,13,0,0,0,0,0,0,13,13
adbecb0b4e597041.jpg,4,0,8,13,0,0,0,0,0,0,2,13
adc65a2605afe3d0.jpg,10,13,9,13,0,0,0,0,0,0,3,13
adc7d5c3cb456029.jpg,10,0,8,13,0,0,0,0,0,0,6,13
adcd958318b8695b.jpg,12,13,11,13,0,0,0,0,0,0,5,13
adcf83367ed80498.jpg,6,13,12,13,0,0,0,0,0,0,0,0
add793c1434d3496.jpg,2,0,0,8,0,0,0,0,2,0,0,0
addd1fc0120e6a97.jpg,7,0,13,13,0,0,0,0,0,0,7,13
ade5b5ddd0ca40a8.jpg,0,0,0,0,9,0,0,0,0,0,4,9
ade5c9e5c14bd206.jpg,7,0,4,13,0,0,0,0,7,13,0,0
ade5ca1a34993167.jpg,9,0,7,13,0,0,0,0,0,0,6,13
ade96fc258031a6d.jpg,8,0,11,13,0,0,0,0,0,0,7,13
adfa94a1c242cbb3.jpg,7,0,9,13,0,0,0,0,0,0,9,13
ae0aa5a094f7ce96.jpg,0,0,2,0,4,0,0,0,0,0,0,10
ae1e876dba16b094.jpg,5,0,8,13,0,0,0,0,0,0,10,13
ae31f2b53692aaa4.jpg,0,0,8,13,0,0,0,0,13,13,0,0
ae3c85d25273b9c2.jpg,8,13,9,13,0,0,0,0,0,0,0,0
ae4c5a950daf4b54.jpg,0,0,4,13,0,0,0,0,13,13,0,0
ae5535c9ca3c2af0.jpg,1,0,12,13,0,0,0,0,8,13,0,0
ae56545b6981ae5a.jpg,8,0,4,0,0,0,0,0,0,0,3,10
ae75c4e9c3629625.jpg,6,0,6,13,0,0,0,0,6,13,0,0
ae8278c7d3fc888a.jpg,2,0,7,13,0,0,0,0,0,0,8,13
ae8f122069711fb7.jpg,2,8,7,0,0,0,0,0,0,0,1,0
ae92ccbfcc38c838.jpg,12,13,0,0,0,0,0,0,13,13,0,0
ae949c54c55b3d23.jpg,3,10,0,0,0,0,0,0,9,0,0,0
aea79490cacbc969.jpg,5,0,11,13,0,0,0,0,0,0,13,13
aeb392924ac3672d.jpg,0,0,12,13,0,0,0,0,0,0,6,13
aec0dab7641fb40c.jpg,5,9,9,0,0,0,0,0,0,0,7,0
aece8209507953ef.jpg,0,0,13,13,0,0,0,0,0,0,10,13
af40f7ecc368c245.jpg,0,10,0,0,0,0,0,0,10,0,0,0
af61bd92c583c1c9.jpg,0,0,10,13,0,0,0,0,0,0,1,13
af688e42daf78306.jpg,10,0,8,13,0,0,0,0,0,0,7,13
af6980d6ef82c685.jpg,0,0,8,13,0,0,0,0,0,0,13,13
af72d2854aae750c.jpg,1,0,11,13,0,0,0,0,0,0,10,13
af86dadf003c13e1.jpg,0,0,13,13,0,0,0,0,0,0,4,13
af87e4c505c315f1.jpg,2,0,13,13,0,0,0,0,0,0,10,13
af8d425715a535c5.jpg,4,8,8,0,0,0,0,0,0,0,6,0
af9fc64870757310.jpg,10,0,6,13,0,0,0,0,0,0,6,13
afa0d4fc8a7aec20.jpg,0,10,2,0,0,0,0,0,0,0,6,0
afa23b9c5aa958a8.jpg,13,13,5,13,0,0,0,0,0,0,3,0
afaeca8d64ce90a4.jpg,0,0,0,0,8,0,0,0,0,0,0,10
afb0d560c6a5459e.jpg,13,13,0,0,0,0,0,0,6,13,0,0
afb227171c565558.jpg,0,0,2,0,6,0,0,0,0,0,0,9
afbaa52a94e51a86.jpg,1,0,11,13,0,0,0,0,5,13,0,0
afbdd08d53842995.jpg,0,0,13,13,0,0,0,0,7,13,0,0
afc080cf5b3d79a0.jpg,13,13,5,13,0,0,0,0,0,0,4,13
afd0d07a9c6d504e.jpg,7,10,8,0,0,0,0,0,0,0,6,0
afd21294da4a55cd.jpg,2,0,13,13,0,0,0,0,0,0,7,13
afd5749a875298a4.jpg,4,13,0,0,0,0,0,0,12,13,0,0
afe196d96a6065a2.jpg,13,13,7,13,0,0,0,0,0,0,2,0
afe393958b913063.jpg,0,0,8,0,0,0,0,0,0,0,8,8
afe985385630ae6a.jpg,11,0,5,13,0,0,0,0,0,0,5,13
afe996c30a0e0d3e.jpg,3,0,13,13,0,0,0,0,0,0,12,13
aff096b4c122d2d5.jpg,9,0,8,13,0,0,0,0,0,0,8,13
aff812da5f25101b.jpg,0,0,0,0,0,0,8,0,0,0,3,8
b0183f78e183d6b3.jpg,11,13,10,13,0,0,0,0,0,0,4,13
b018ce6571fc6399.jpg,13,13,6,13,0,0,0,0,0,0,1,0
b01fc36dcf2148f2.jpg,12,13,10,13,0,0,0,0,0,0,9,13
b02d61293d7f28e9.jpg,8,0,11,13,0,0,0,0,0,0,5,13
b035d913bd92d90d.jpg,7,0,6,13,0,0,0,0,0,0,3,13
b061d2a6c1b6afd2.jpg,2,0,11,13,0,0,0,0,0,0,13,13
b06ed2a49bb694b1.jpg,0,10,0,0,0,0,0,0,2,0,5,0
b085979f89e89559.jpg,11,13,11,13,0,0,0,0,0,0,6,13
b090e776d625d427.jpg,3,8,1,0,0,0,0,0,0,0,6,0
b09f1ffd48488786.jpg,13,13,6,13,0,0,0,0,0,0,0,0
b0a183de19bb96c3.jpg,9,0,3,13,0,0,0,0,7,13,0,0
b0abc3fd98361c23.jpg,5,0,9,13,0,0,0,0,1,0,6,13
b0c9bbcd98f06532.jpg,1,0,13,13,0,0,0,0,0,0,7,13
b0cef3c5db4088f8.jpg,11,13,11,13,0,0,0,0,0,0,10,13
b0d5c71f51c17a8a.jpg,5,0,10,0,0,0,0,0,1,11,2,0
b0dae5b54d186d70.jpg,11,0,7,13,0,0,0,0,0,0,4,13
b0dfa7548cda0dd0.jpg,0,12,11,0,0,0,0,0,0,0,0,0
b0e0c497be6269c7.jpg,6,0,7,13,0,0,0,0,0,0,7,13
b0e78f883a1cd14f.jpg,2,9,1,0,0,0,0,0,6,0,0,0
b0f0e768175ae64c.jpg,7,0,5,13,0,0,0,0,5,13,0,0
b0f5529d6e1b3348.jpg,0,0,10,0,0,0,0,0,0,0,10,10
b109d8d2cedb86e2.jpg,13,13,6,13,0,0,0,0,0,0,3,0
b10bc2e21f67e986.jpg,0,0,13,13,0,0,0,0,0,0,11,13
b1259e32ea3c4dc9.jpg,12,13,9,13,0,0,0,0,0,0,1,0
b13f7b8bd06c0f02.jpg,8,0,6,13,0,0,0,0,0,0,6,13
b143c3ef8d728d90.jpg,0,0,13,13,0,0,0,0,0,0,2,13
b14d92e5cbe04da5.jpg,7,0,6,13,0,0,0,0,0,0,6,13
b14dc0eacf6aa615.jpg,7,9,9,0,0,0,0,0,0,0,3,0
b163c29c9f94b0d5.jpg,13,13,5,13,0,0,0,0,0,0,0,0
b169d8a269db449b.jpg,8,0,0,0,0,0,8,9,0,0,0,0
b16bd3c07a4e36c8.jpg,10,0,5,13,0,0,0,0,0,0,5,13
b188c20f776d9276.jpg,0,0,12,13,0,0,0,0,7,13,0,0
b1a48f3e491b3ce8.jpg,8,0,5,13,0,0,0,0,0,0,6,13
b1a84eec3e1641db.jpg,12,13,7,13,0,0,0,0,0,0,2,0
b1c26f7c656c6324.jpg,4,12,12,0,0,0,0,0,1,0,0,0
b1f5e1c10f1d7c84.jpg,0,12,0,0,0,0,0,0,0,0,12,0
b20ca85e127dbe65.jpg,1,12,3,0,0,0,0,0,10,0,0,0
b21fcbab86b806b1.jpg,10,0,6,13,0,0,0,0,0,0,6,13
b247ccfc06bfe808.jpg,4,9,8,0,0,0,0,0,0,0,3,0
b269d663dc63c225.jpg,0,0,0,0,3,0,0,0,0,0,0,8
b28ecd3834a19bce.jpg,0,0,12,13,0,0,0,0,0,0,5,13
b2a08e9bf8f061a7.jpg,3,0,12,13,0,0,0,0,0,0,7,13
b2a1478e59eb3b05.jpg,4,8,8,0,0,0,0,0,0,0,0,0
b2a6eb5f25a2a452.jpg,4,8,7,0,0,0,0,0,0,0,7,0
b2aa71ebc7dac480.jpg,1,11,0,0,0,0,0,0,0,0,11,0
b2ba53970a190f3d.jpg,0,0,13,13,0,0,0,0,0,0,8,13
b2c3db259af12e12.jpg,6,13,12,13,0,0,0,0,0,0,0,0
b2ccd8876c177661.jpg,2,0,3,13,0,0,0,0,12,13,0,0
b2e6c70f8cb91c85.jpg,0,9,0,0,0,0,1,0,0,0,2,0
b2e79393cde4c424.jpg,9,13,8,13,0,0,0,0,0,0,7,13
b2ea56ae1fa2450b.jpg,6,0,12,13,0,0,0,0,0,0,10,13
b2ec0cf59931f033.jpg,0,0,9,13,0,0,0,0,13,13,0,0
b33dc2a41f9b38d0.jpg,0,0,9,0,0,0,0,0,0,0,1,10
b381995fd87c5146.jpg,1,11,11,0,0,0,0,0,0,0,0,0
b3a36e9cc99185e1.jpg,11,0,10,13,0,0,0,0,0,0,7,0
b3b7d39a16c074c4.jpg,1,0,13,13,0,0,0,0,0,0,11,13
b3d14b94a8583d5d.jpg,0,0,6,13,0,0,0,0,13,13,0,0
b3dd0f2652724707.jpg,1,0,8,13,0,0,0,0,9,13,0,0
b3e48dcd53d20d29.jpg,5,13,0,0,0,0,13,13,0,0,0,0
b3ecab4516936499.jpg,4,0,12,13,0,0,0,0,0,0,10,13
b404de508fe2dd17.jpg,8,0,8,13,0,0,0,0,0,0,10,13
b41fd3fc9d0d9044.jpg,0,9,1,0,0,0,0,0,0,0,5,0
b425c3c38f1d257c.jpg,9,0,7,13,0,0,0,0,0,0,4,13
b427faf2c2c1c8c9.jpg,3,0,12,13,0,0,0,0,0,0,6,13
b42b80b74faa34cb.jpg,11,13,10,13,0,0,0,0,0,0,4,0
b42d82d64d9bf219.jpg,3,0,5,13,0,0,0,0,12,13,0,0
b434c3b2cbd24d5a.jpg,2,0,8,13,0,0,0,0,0,0,12,13
b466cb31302f3adc.jpg,7,0,6,13,0,0,0,0,0,0,6,13
b46943de9b9033c9.jpg,0,0,5,13,0,0,0,0,13,13,0,0
b4699669ca2dda86.jpg,5,12,0,0,0,0,12,0,0,0,0,0
b46eda93e8191569.jpg,7,0,9,13,0,0,0,0,0,0,7,13
b4778f21950f270b.jpg,3,12,1,0,0,0,10,0,0,0,0,0
b4798d85d443e4bc.jpg,2,0,11,13,0,0,0,0,0,0,3,13
b47ad9b3291b3321.jpg,11,0,4,13,0,0,0,0,0,0,2,13
b47e47811794b2d9.jpg,5,0,12,13,0,0,0,0,0,0,6,13
b489cde76202f333.jpg,1,0,13,13,0,0,0,0,0,0,4,13
b4939090fb603f6d.jpg,2,0,7,13,0,0,0,0,8,13,0,0
b498c269bc25badc.jpg,4,10,10,0,0,0,0,0,0,0,0,0
b49c834f8d86f1e1.jpg,0,12,8,0,0,0,0,0,0,0,8,0
b49fc924c77138ca.jpg,0,0,13,13,0,0,0,0,0,0,10,13
b4a04f9a34d7a68d.jpg,0,0,13,13,0,0,0,0,0,0,3,13
b4a19abc8af985d1.jpg,9,13,10,13,0,0,0,0,0,0,0,0
b4a39ba5c7d2c186.jpg,0,0,13,13,0,0,0,0,0,0,11,13
b4a5e89a872d1c6e.jpg,0,9,1,0,0,0,0,0,8,0,0,0
b4a6dbd809039c5f.jpg,5,0,9,13,0,0,0,0,5,13,0,0
b4a89ec89ababc15.jpg,13,13,4,13,0,0,0,0,0,0,0,0
b4addad68b11591a.jpg,12,13,5,13,0,0,0,0,0,0,5,13
b4af82b18fd24ac9.jpg,0,9,9,0,0,0,0,0,0,0,0,0
b4b608adef7d402c.jpg,0,0,9,13,0,0,0,0,10,13,0,0
b4c56dde869c0b32.jpg,0,9,9,0,0,0,0,0,0,0,2,0
b4cd92f665096879.jpg,2,0,6,13,0,0,0,0,0,0,8,13
b4d283a4d843eda7.jpg,0,0,13,13,0,0,0,0,0,0,2,13
b4dad04d896dcb25.jpg,8,0,12,13,0,0,0,0,0,0,8,13
b4e1c0fdc749de08.jpg,1,10,1,0,0,0,0,0,10,0,0,0
b4e4c31a50fb59c5.jpg,13,13,6,13,0,0,0,0,0,0,3,13
b4e634c169636d71.jpg,1,9,1,0,0,0,0,0,0,0,9,0
b4e7cf1af036042d.jpg,13,13,6,13,0,0,0,0,0,0,5,13
b4f4cb43069f612d.jpg,13,13,6,13,0,0,0,0,0,0,3,0
b4f525866b931719.jpg,9,0,5,13,0,0,0,0,0,0,5,13
b4f998146a2f570e.jpg,8,0,10,13,0,0,0,0,0,0,4,13
b4faa6944d27cc98.jpg,0,10,0,0,0,0,0,0,7,0,0,0
b52b9313dbf85812.jpg,0,0,5,13,0,0,0,0,0,0,13,13
b52d65c1ee320337.jpg,0,0,4,13,0,0,0,0,13,13,0,0
b532cb60c5e98dc3.jpg,2,9,6,0,0,0,0,0,0,0,9,0
b5351da6a69c464b.jpg,7,0,0,0,0,0,0,0,0,10,1,0
b538cf471ea613d0.jpg,2,0,12,13,0,0,0,0,0,0,12,13
b5394551dd25eb50.jpg,3,8,7,0,0,0,0,0,0,0,7,0
b539ca5f5d691848.jpg,9,13,6,13,0,0,0,0,0,0,10,13
b53ff23ac310c525.jpg,8,0,11,13,0,0,0,0,0,0,12,13
b54d29b984a1b57a.jpg,6,13,12,13,0,0,0,0,0,0,0,0
b55be3cccd85051a.jpg,0,12,3,0,0,0,0,0,10,0,0,0
b5614fb58d72842b.jpg,5,9,9,0,0,0,0,0,0,0,0,0
b56188556e1be2ce.jpg,10,13,0,0,0,0,1,0,12,13,0,0
b56df0e2c98a4b0b.jpg,3,10,10,0,0,0,0,0,0,0,5,0
b570dc9839c191e7.jpg,0,0,12,13,0,0,0,0,5,13,0,0
b58af4a95588d52e.jpg,3,0,5,13,0,0,0,0,13,13,0,0
b590496c83f349f5.jpg,0,0,12,13,0,0,0,0,0,0,13,13
b591e2bbc1e1cf01.jpg,2,12,11,0,0,0,0,0,0,0,0,0
b597c3a2c29c4b95.jpg,4,0,10,13,0,0,0,0,0,0,9,13
b597d0978072cab5.jpg,9,13,8,13,0,0,0,0,0,0,2,0
b59a8a65752642b7.jpg,9,0,12,13,0,0,0,0,0,0,6,13
b5a37e85c4505d3c.jpg,5,0,12,13,0,0,0,0,0,0,12,13
b5abd2958b12c987.jpg,4,0,12,13,0,0,0,0,0,0,7,13
b5abd6cfc12a2415.jpg,2,10,10,0,0,0,0,0,0,0,0,0
b5b09bed6ca43452.jpg,9,13,11,13,0,0,0,0,0,0,5,13
b5b1c1d396961a1d.jpg,13,13,5,13,0,0,0,0,0,0,0,0
b5c087bf8bb04d31.jpg,11,13,0,0,0,0,0,0,5,13,3,0
b5cdd25899a69394.jpg,1,8,8,0,0,0,0,0,0,0,0,0
b5d5508f3c64b525.jpg,11,0,8,13,0,0,0,0,0,0,5,13
b5d7d2cdcf0d0c04.jpg,0,0,13,13,0,0,0,0,0,0,13,13
b5e1c297cf9a8449.jpg,2,10,4,0,0,0,0,0,0,0,10,0
b5f2364b8e41c51d.jpg,3,0,12,13,0,0,0,0,0,0,6,13
b5f41ab450556f0d.jpg,0,0,10,0,0,0,0,0,0,0,7,10
b5f8fd8683871305.jpg,5,0,8,13,0,0,0,0,0,0,9,13
b602d6e6487c3c9d.jpg,3,10,10,0,0,0,0,0,0,0,8,0
b61ac17d0fe18ca3.jpg,2,9,8,0,0,0,0,0,0,0,0,0
b61b12cb6d25233b.jpg,5,0,9,13,0,0,0,0,0,0,11,13
b63407ca87c51d97.jpg,4,8,8,0,0,0,0,0,0,0,0,0
b63e966f4a0ae28a.jpg,12,13,7,13,0,0,0,0,0,0,1,0
b649e6a20b51cd5b.jpg,0,0,13,13,0,0,0,0,0,0,4,13
b662d2e7cc38e4e0.jpg,0,0,13,13,0,0,0,0,0,0,7,13
b66f83d08c91a89f.jpg,2,9,9,0,0,0,0,0,0,0,0,0
b676d2910fa33c61.jpg,7,0,6,13,0,0,0,0,0,0,6,13
b68417a69acc9b9c.jpg,9,13,13,13,0,0,0,0,0,0,4,0
b687c6f14fe129c0.jpg,0,11,10,0,0,0,0,0,0,0,3,0
b689969a3872e1e3.jpg,4,0,12,13,0,0,0,0,0,0,8,13
b689ca1e697864e3.jpg,7,0,10,13,0,0,0,0,0,0,9,13
b6959a4b0bc9c9e8.jpg,6,0,11,13,0,0,0,0,0,0,7,13
b696ae68d82b550d.jpg,12,13,7,13,0,0,0,0,0,0,5,13
b69eccd84398e153.jpg,7,0,11,13,0,0,0,0,0,0,9,13
b6a48ad62d96c9b4.jpg,4,0,11,13,0,0,0,0,0,0,4,13
b6a6c4d38e98b54c.jpg,6,0,6,13,0,0,0,0,0,0,9,13
b6ac36ad8bc0a31e.jpg,7,12,12,0,0,0,0,0,0,0,1,0
b6b0d8c5c6a343a7.jpg,0,0,0,0,7,0,0,9,0,0,0,0
b6bec12546131dd5.jpg,7,0,7,13,0,0,0,0,0,0,7,13
b6c1cf3c70726a4a.jpg,9,0,0,0,0,0,0,0,3,9,0,0
b6c64db5d0bc486a.jpg,6,0,6,13,0,0,0,0,0,0,8,13
b6cbe7adc2c4888a.jpg,6,0,7,13,0,0,0,0,0,0,6,13
b6da3f801933e196.jpg,2,0,2,0,0,0,0,0,1,9,0,0
b6ddc1619f82e132.jpg,0,0,3,13,0,0,0,0,13,13,0,0
b6e183979cb24d23.jpg,13,13,8,13,0,0,0,0,0,0,3,0
b6f0fa9a90034b6b.jpg,9,0,1,0,0,0,0,0,4,10,0,0
b71d2ed1226a2d53.jpg,9,0,7,0,0,0,0,0,2,13,0,0
b72ade1d20c372c6.jpg,8,0,5,13,0,0,0,0,6,13,0,0
b7494a17f96da00e.jpg,7,0,8,13,0,0,0,0,0,0,9,13
b74bc1a407615da7.jpg,1,0,13,13,0,0,0,0,0,0,6,13
b781cd2d0e265f13.jpg,12,13,8,13,0,0,0,0,0,0,6,13
b78dc1d9dda30350.jpg,13,13,1,0,0,0,0,0,8,13,0,0
b7a1c691ec694c74.jpg,12,13,11,13,0,0,0,0,0,0,6,13
b7c2c0defe48029e.jpg,2,0,13,13,0,0,0,0,0,0,8,13
b7c4d3af4d872601.jpg,9,13,12,13,0,0,0,0,0,0,11,13
b7dfc2c92414ec23.jpg,6,13,0,0,0,0,13,13,0,0,0,0
b818dbed00ed62da.jpg,5,8,8,0,0,0,0,0,0,0,4,0
b81ee29c56d3c662.jpg,5,10,0,0,0,0,9,0,0,0,0,0
b8219f67d004f87e.jpg,9,13,9,13,0,0,0,0,0,0,10,13
b83bc035cad21fc6.jpg,7,0,11,13,0,0,0,0,0,0,5,13
b841b309d29edb5a.jpg,4,0,13,13,0,0,0,0,0,0,12,13
b84c9ae4f696ac92.jpg,8,0,10,13,0,0,0,0,0,0,8,13
b86d90f2cdb380d9.jpg,0,0,7,13,0,0,0,0,0,0,13,13
b882c18b879fcd69.jpg,13,13,9,13,0,0,0,0,0,0,7,13
b88ddbdd32ad600a.jpg,2,0,13,13,0,0,0,0,0,0,6,13
b890f1c14b9e43de.jpg,13,13,7,13,0,0,0,0,0,0,6,13
b8978a857d6a651a.jpg,5,0,9,13,0,0,0,0,0,0,11,13
b897eaf0742c701d.jpg,0,9,0,0,0,0,0,0,9,0,0,0
b89bc39e30e3295a.jpg,13,13,5,13,0,0,0,0,0,0,1,0
b8a1949f1b3962f4.jpg,6,13,7,13,0,0,0,0,0,0,0,0
b8a5c2c3cb6b6552.jpg,0,0,1,0,2,0,0,0,0,11,0,0
b8aa92b233e1cc5d.jpg,10,10,0,0,0,0,0,0,10,0,0,0
b8b4dba44626762e.jpg,3,0,3,13,0,0,0,0,0,0,10,13
b8b5944a6b2d3a9a.jpg,13,13,0,0,0,0,0,0,6,13,0,0
b8b9f985704b4725.jpg,4,0,3,13,0,0,0,0,0,0,1,13
b8d0d32d6a704f65.jpg,0,0,12,13,0,0,0,0,10,13,0,0
b8e6916cd10cd3f4.jpg,4,0,12,13,0,0,0,0,0,0,11,13
b8f485c39ef2b0c1.jpg,4,9,9,0,0,0,0,0,0,0,2,0
b91ed118d699c8b3.jpg,0,0,13,13,0,0,0,0,0,0,8,13
b949069b3d65d45a.jpg,12,13,5,13,0,0,0,0,0,0,2,0
b994d09ee82ceca3.jpg,9,13,12,13,0,0,0,0,0,0,0,0
b9c4949bc0d24f8f.jpg,0,0,13,13,0,0,0,0,0,0,2,13
ba0be0be4f7d05a0.jpg,5,0,12,13,0,0,0,0,0,0,9,13
ba1d31639058daeb.jpg,9,13,0,0,0,0,0,0,11,13,0,0
ba5f90c993a156d4.jpg,11,13,11,13,0,0,0,0,0,0,7,13
ba6ca4668c96d65a.jpg,2,0,12,13,0,0,0,0,0,0,10,13
ba74d2b8cf6c7042.jpg,11,0,6,13,0,0,0,0,0,0,3,13
ba9cc17e903a513d.jpg,1,0,2,0,0,0,0,0,1,8,1,0
ba9ee28481257773.jpg,0,0,0,0,5,0,0,0,0,0,0,9
bab5d5c90afb2052.jpg,2,13,7,13,0,0,0,0,0,0,13,13
babc4108fbdda303.jpg,13,13,5,13,0,0,0,0,0,0,0,0
babe9190c9d264a7.jpg,0,0,13,13,0,0,0,0,0,0,4,13
bac14e6fb04a91d3.jpg,2,8,7,0,0,0,0,0,0,0,7,0
baebf0f58010cd93.jpg,1,10,10,0,0,0,0,0,0,0,0,0
bb1ce326ccb92645.jpg,0,11,2,0,0,0,0,0,0,0,11,0
bb40d13ee9ba4299.jpg,8,13,10,13,0,0,0,0,0,0,7,13
bb6192af1a30fd30.jpg,3,0,13,13,0,0,0,0,0,0,8,13
bb848ba16e8d338b.jpg,6,13,0,0,0,0,0,0,13,13,0,0
bb93d0289d3b9169.jpg,0,0,0,0,7,0,0,0,0,0,0,8
bbe69bcaf0994098.jpg,7,0,8,13,0,0,0,0,0,0,8,13
bbede9c091850f0d.jpg,9,13,11,13,0,0,0,0,0,0,12,13
bc01c0966f70ff31.jpg,5,0,12,13,0,0,0,0,0,0,11,13
bc07871f1e6a6561.jpg,9,0,0,0,0,0,0,0,2,10,0,0
bc081eee6be421f4.jpg,1,0,13,13,0,0,0,0,0,0,6,13
bc371e934091cd67.jpg,9,13,11,13,0,0,0,0,0,0,7,13
bc5889064dabe72d.jpg,6,0,7,13,0,0,0,0,0,0,7,13
bc629b6b4a416765.jpg,13,13,0,0,0,0,13,13,0,0,0,0
bc7bcf9a1b042919.jpg,10,13,6,13,0,0,0,0,0,0,5,13
bc89c0038b979de7.jpg,4,9,1,0,0,0,0,0,9,0,0,0
bc8d94cad7cb2b02.jpg,1,13,13,0,0,0,0,0,0,0,0,0
bc90b50b928fe88f.jpg,0,0,0,0,8,0,0,9,0,0,0,0
bc92d8d6ee3f4024.jpg,9,0,6,13,0,0,0,0,0,0,7,13
bc9ec3589f470a25.jpg,0,0,12,13,0,0,0,0,0,0,13,13
bca0e0359f715953.jpg,10,13,0,0,0,0,0,0,13,13,0,0
bca84c8f9e1ceb48.jpg,2,0,13,13,0,0,0,0,0,0,6,13
bcaada046ab023fb.jpg,7,10,10,0,0,0,0,0,0,0,1,0
bcad8d9cd9435849.jpg,8,0,6,8,0,0,0,0,0,0,0,0
bcb424c1c9cfcdc8.jpg,6,13,11,13,0,0,0,0,0,0,2,13
bcb8c29f156969a2.jpg,13,13,5,13,0,0,0,0,0,0,4,13
bcead055c9062dd3.jpg,2,11,10,0,0,0,0,0,0,0,9,0
bcec42c1594d2b6b.jpg,2,0,13,13,0,0,0,0,0,0,10,13
bceeaa901dca7921.jpg,0,0,13,13,0,0,0,0,0,0,6,13
bcf0c2950f55da29.jpg,8,13,0,0,0,0,13,13,0,0,0,0
bcf31f814e334e05.jpg,13,13,7,13,0,0,0,0,0,0,2,0
bcf8ec0f0f3e9048.jpg,4,0,12,13,0,0,0,0,0,0,12,13
bd0002ae9bef6eb0.jpg,0,0,9,13,0,0,0,0,11,13,0,0
bd05f0ca41c93d6b.jpg,13,13,10,13,0,0,0,0,0,0,5,0
bd14c2e9d72256b1.jpg,4,13,13,13,0,0,0,0,0,0,0,0
bd2195dd843e694a.jpg,7,0,10,13,0,0,0,0,0,0,7,13
bd23c58b189b531d.jpg,2,11,11,0,0,0,0,0,0,0,0,0
bd25252ff090b9e8.jpg,0,10,3,0,0,0,0,0,0,0,10,0
bd2a03fd9f438470.jpg,1,0,6,13,0,0,0,0,12,13,0,0
bd2cd3d84b5d0ca2.jpg,1,9,0,0,0,0,0,0,9,0,0,0
bd2e8680df9fe410.jpg,7,0,9,13,0,0,0,0,0,0,7,13
bd3cc3dc0cd36093.jpg,4,11,0,0,0,0,9,0,0,0,1,0
bd3dd07d58400d9e.jpg,3,0,12,13,0,0,0,0,0,0,10,13
bd48bb66ce3cd022.jpg,6,0,11,13,0,0,0,0,0,0,11,13
bd49d23ec83a8a39.jpg,9,0,8,13,0,0,0,0,0,0,4,13
bd7a61e0879086bb.jpg,1,0,13,13,0,0,0,0,0,0,10,13
bd7e3847a1a09713.jpg,0,0,13,13,0,0,0,0,0,0,3,13
bd7fd06581168732.jpg,2,0,13,13,0,0,0,0,0,0,4,13
bd82922fda68497c.jpg,4,0,10,13,0,0,0,0,6,13,0,0
bd89d29dc21d4535.jpg,6,13,0,0,0,0,0,0,12,13,0,0
bd8ed6d4fa680161.jpg,12,13,6,13,0,0,0,0,0,0,5,13
bd90c2bbac398535.jpg,7,0,7,13,0,0,0,0,0,0,7,13
bd99db95857e1220.jpg,9,0,6,13,0,0,0,0,0,0,5,13
bdaac03da5e8225e.jpg,8,0,7,13,0,0,0,0,0,0,6,13
bdab9a50d9a1e883.jpg,12,0,2,13,0,0,0,0,0,0,3,13
bdcc9e80392c4f36.jpg,9,13,9,13,0,0,0,0,0,0,7,13
bde0d1e55a076e05.jpg,11,13,0,0,0,0,7,13,0,0,0,0
be31c29e8d2c6953.jpg,13,13,5,13,0,0,0,0,0,0,0,0
be36d21087f1c5b1.jpg,1,0,8,13,0,0,0,0,0,0,11,13
be7ef6d45ac18401.jpg,0,10,0,0,0,0,0,0,0,0,6,0
be80d450dac87d7c.jpg,8,13,11,13,0,0,0,0,0,0,0,0
be839493ca232c3f.jpg,12,13,0,0,0,0,0,0,6,13,0,0
be8ee0f09740f616.jpg,9,11,11,0,0,0,0,0,0,0,4,0
bea781fbcbe0e100.jpg,8,0,3,13,0,0,0,0,0,0,8,13
beadfad2005119b5.jpg,8,0,7,13,0,0,0,0,0,0,5,13
beb0d5508ebdc06c.jpg,2,0,13,13,0,0,0,0,0,0,9,13
beb542f99608d2ac.jpg,1,12,12,0,0,0,0,0,0,0,0,0
beb6e3a897564902.jpg,0,0,13,13,0,0,0,0,0,0,4,13
beea8ab435c0e11d.jpg,8,0,4,13,0,0,0,0,5,13,0,0
bf02f228e0a5aabb.jpg,3,0,12,13,0,0,0,0,0,0,5,13
bf05b05f0b6817b4.jpg,0,0,10,0,0,0,0,0,0,0,10,10
bf29c2839b3f5850.jpg,12,13,5,13,0,0,0,0,0,0,1,0
bf2b864284de09de.jpg,5,0,12,13,0,0,0,0,0,0,10,13
bf37e8d6824883c9.jpg,0,0,13,13,0,0,0,0,0,0,3,13
bf4092df4d6d2494.jpg,5,13,0,0,0,0,13,13,0,0,0,0
bf479197cb1a7048.jpg,9,0,7,13,0,0,0,0,0,0,2,13
bf52c0fa56747089.jpg,9,13,12,13,0,0,0,0,0,0,0,0
bf558341cda1e592.jpg,4,8,8,0,0,0,0,0,0,0,0,0
bf6983943d3c3324.jpg,1,11,10,0,0,0,0,0,0,0,0,0
bf7e9ec08081f9c2.jpg,2,11,3,0,0,0,0,0,11,0,0,0
bf8fd2734132a4b0.jpg,13,13,0,0,0,0,11,13,0,0,0,0
bf8fdcf0dc2060b0.jpg,1,12,11,0,0,0,0,0,0,0,0,0
bf9bf195f02d2060.jpg,0,0,13,13,0,0,0,0,0,0,2,13
bfa4908495c69b97.jpg,0,0,4,13,0,0,0,0,13,13,0,0
bfb1a29285b7482e.jpg,11,0,2,11,0,0,0,0,0,0,0,0
bfb7e420d212c3c6.jpg,3,0,13,13,0,0,0,0,0,0,13,13
bfc293d993195858.jpg,12,13,5,13,0,0,0,0,0,0,1,0
bfc6d90f402f4c34.jpg,9,0,8,13,0,0,0,0,0,0,5,13
bfebc7d6a20412b0.jpg,8,0,7,13,0,0,0,0,0,0,5,13
bff1b1f49a50ba00.jpg,1,0,13,13,0,0,0,0,0,0,9,13
bff4c006cd2ce83a.jpg,7,0,12,13,0,0,0,0,0,0,9,13
c0073faf087e0f95.jpg,0,0,11,0,0,0,0,0,0,0,11,11
c007fac72d2d31da.jpg,0,0,12,0,0,0,0,0,0,0,2,12
c00f37793e3d31b0.jpg,0,11,11,0,0,0,0,0,0,0,2,0
c02d2ed7855e5e98.jpg,1,0,13,13,0,0,0,0,5,13,0,0
c02dbf9f433028fa.jpg,3,13,7,0,0,0,0,0,7,13,0,0
c0311c836f956ff8.jpg,0,0,0,0,2,0,0,0,0,0,0,9
c03ad89827dea96e.jpg,0,0,7,13,0,0,0,0,13,13,0,0
c03dd07a4a661fe6.jpg,5,13,13,13,0,0,0,0,0,0,11,13
c03f1bbf94c8a5a8.jpg,0,0,8,13,0,0,0,0,0,0,13,13
c04692ad3f78c793.jpg,8,13,0,0,0,0,13,13,0,0,0,0
c04f22253e2f367e.jpg,0,0,0,0,0,10,0,0,0,0,10,0
c07155dbf720d34a.jpg,11,13,11,13,0,0,0,0,0,0,7,13
c071bc99c732cd27.jpg,0,0,5,13,0,0,0,0,13,13,0,0
c08237dd9fb512e2.jpg,12,13,8,13,0,0,0,0,0,0,0,0
c0823cfe953b4cda.jpg,0,10,2,0,0,0,0,0,6,0,0,0
c08552de599f1c2f.jpg,0,0,12,0,0,0,0,0,0,0,12,12
c085ce9d33b7851b.jpg,6,13,0,0,0,0,0,0,11,13,0,0
c08777977a45ab30.jpg,0,0,8,0,0,0,0,0,0,0,8,8
c09431b9cced4ee6.jpg,5,8,7,0,0,0,0,0,0,0,5,0
c09798cb9eb16639.jpg,0,0,12,13,0,0,0,0,2,13,1,0
c0ad2dad55930adb.jpg,11,0,3,13,0,0,0,0,0,0,2,13
c0bc431f5396b0f5.jpg,5,0,2,11,0,0,0,0,0,0,6,0
c0bcda4f1c8067f3.jpg,0,0,10,0,0,0,0,0,0,0,1,10
c0c0efc7c53879c3.jpg,1,0,12,13,0,0,0,0,0,0,10,13
c0c2e9d3953b3e2a.jpg,5,9,9,0,0,0,0,0,0,0,3,0
c0c75c137efdc221.jpg,0,10,0,0,0,0,0,0,0,0,10,0
c0cac1de1be46f64.jpg,2,8,8,0,0,0,0,0,0,0,0,0
c0cc3188dcad5fd5.jpg,5,10,9,0,0,0,0,0,0,0,9,0
c0ce7aea50eba195.jpg,5,13,12,13,0,0,0,0,0,0,3,13
c0e13aab61556fe8.jpg,0,0,13,13,0,0,0,0,0,0,2,13
c0e95ade9850d7c6.jpg,10,13,10,13,0,0,0,0,0,0,6,13
c0ea29ca06e997ed.jpg,0,0,2,13,0,0,0,0,0,0,13,13
c0ef3dc23ea5812e.jpg,0,12,12,0,0,0,0,0,0,0,0,0
c0f86a3d2cb435ba.jpg,0,0,13,13,0,0,0,0,0,0,10,13
c0f8858c7f1e720f.jpg,2,8,2,0,0,0,0,0,0,0,8,0
c0f8ece8af02cb0f.jpg,6,10,10,0,0,0,0,0,2,0,0,0
c0fc90877d04fc5e.jpg,1,0,13,13,0,0,0,0,0,0,6,13
c0fe1e5229bd6552.jpg,11,0,0,0,1,0,5,12,0,0,0,0
c0ff18bfb811e503.jpg,11,13,0,0,0,0,0,0,13,13,0,0
c0ff844a0f7b5a16.jpg,1,0,12,13,0,0,0,0,0,0,12,13
c1303dd7905a1ff8.jpg,0,0,12,13,0,0,0,0,0,0,12,13
c130c0c99cb33f6f.jpg,0,9,5,0,0,0,0,0,0,0,2,0
c13c536a5de1a0db.jpg,0,0,0,0,8,0,0,0,0,0,0,9
c16f9bd00b960bf2.jpg,1,0,12,13,0,0,0,0,0,0,1,13
c1769f622534c676.jpg,2,0,13,13,0,0,0,0,0,0,11,13
c1814fca2a2fff03.jpg,6,13,0,0,0,0,13,13,0,0,0,0
c1902aafbcf83639.jpg,0,0,0,0,0,8,0,0,1,0,1,0
c19620b6ded24afa.jpg,0,0,0,0,10,0,0,0,0,0,1,10
c19e789a0ebe2ad1.jpg,5,11,9,0,0,0,0,0,0,0,2,0
c1a41fc41cfab88f.jpg,0,0,13,13,0,0,0,0,0,0,6,13
c1b38797b4a8e8e8.jpg,4,13,12,13,0,0,0,0,0,0,6,13
c1b63f3a0da84657.jpg,12,13,7,13,0,0,0,0,0,0,5,13
c1bd931747d02b4b.jpg,13,13,0,0,0,0,0,0,3,13,0,0
c1c5665a3f23915e.jpg,9,0,0,9,0,0,0,0,0,0,0,0
c1c6b16eb5a4372c.jpg,11,13,7,13,0,0,0,0,0,0,5,13
c1c71b1d1f9ea2c1.jpg,12,13,8,13,0,0,0,0,0,0,4,13
c1d130bca4969fad.jpg,13,13,6,13,0,0,0,0,0,0,5,13
c1d2e6893063bcde.jpg,7,0,6,13,0,0,0,0,0,0,9,13
c1e096ac9ab361db.jpg,3,0,13,13,0,0,0,0,0,0,3,13
c1e7dc1f60893f81.jpg,7,9,9,0,0,0,0,0,0,0,3,0
c1ef2bda60292537.jpg,0,10,10,0,0,0,0,0,0,0,8,0
c22ec0e68ef6b616.jpg,1,0,0,0,0,0,0,0,0,11,7,0
c2403f37309979fc.jpg,6,0,9,13,0,0,0,0,0,0,6,13
c25b30c99bd07d4b.jpg,11,13,7,13,0,0,0,0,0,0,0,0
c2656b8b398a3727.jpg,12,13,0,0,0,0,0,0,7,13,1,0
c26a1355ed272cce.jpg,4,0,4,13,0,0,0,0,12,13,0,0
c28d7a2f91403fd9.jpg,4,13,0,0,0,0,0,0,13,13,0,0
c29c9ce3aaec441f.jpg,8,0,0,0,0,0,8,8,0,0,0,0
c2a0f402179f9cfe.jpg,0,0,13,13,0,0,0,0,0,0,5,13
c2b23d4f39ec8b50.jpg,1,0,12,13,0,0,0,0,0,0,4,13
c2b79f82c04391bf.jpg,8,0,0,0,0,0,8,8,0,0,0,0
c2b923bd42a57257.jpg,13,13,6,13,0,0,0,0,0,0,4,13
c2cb9e149a356a75.jpg,7,0,9,13,0,0,0,0,0,0,7,13
c2cc858d98f3e687.jpg,7,13,0,0,0,0,13,13,0,0,0,0
c2d034646fa7dea4.jpg,13,13,4,13,0,0,0,0,0,0,1,0
c2e7974c98925ed8.jpg,3,0,4,13,0,0,0,0,13,13,0,0
c2ea4ba6c1532d5b.jpg,10,13,5,13,0,0,0,0,0,0,5,13
c2ed7038c962db93.jpg,1,0,13,13,0,0,0,0,0,0,2,13
c308eb5ecba4d28e.jpg,0,8,0,0,0,0,0,0,8,0,0,0
c314202fdf0f50ef.jpg,0,0,13,13,0,0,0,0,0,0,13,13
c336345e5e594e43.jpg,12,13,3,13,0,0,0,0,0,0,3,13
c35a1f20e15aeb55.jpg,0,0,9,0,0,0,0,0,3,9,0,0
c3797e8908daf1d0.jpg,0,0,12,13,0,0,0,0,0,0,7,13
c3854e6779d54193.jpg,9,0,3,13,0,0,0,0,0,0,5,13
c3976ee664e640e1.jpg,8,13,1,13,0,0,2,0,0,0,3,13
c3b3d7904a783707.jpg,4,13,5,13,0,0,0,0,0,0,13,13
c3b555e0aed194cc.jpg,3,13,8,0,0,0,3,0,0,0,0,0
c3b9d40f641afe41.jpg,8,13,0,0,0,0,13,13,0,0,0,0
c3c5f53457aa2a51.jpg,6,13,11,13,0,0,0,0,0,0,0,0
c3ca9a4aa4e0eed6.jpg,5,0,10,13,0,0,0,0,0,0,10,13
c3e3b09d983d381d.jpg,0,0,13,13,0,0,0,0,0,0,13,13
c3e995b03b526a87.jpg,8,13,0,0,0,0,0,0,13,13,0,0
c420c4e25f6f3d87.jpg,3,11,11,0,0,0,0,0,0,0,8,0
c443f090f7c0afda.jpg,0,10,2,0,2,0,0,0,2,0,0,0
c4742ec2efe359c0.jpg,13,13,4,13,0,0,0,0,0,0,0,0
c476977a9a49489d.jpg,7,0,10,13,0,0,0,0,0,0,8,13
c47adb62e2ca823b.jpg,10,0,8,13,0,0,0,0,0,0,6,13
c4a5c7847cc731ab.jpg,12,13,9,13,0,0,0,0,0,0,8,13
c4c54fcb5b5705a4.jpg,8,0,8,13,0,0,0,0,0,0,8,13
c4c711f2b71e6c0d.jpg,2,10,0,0,0,0,0,0,10,0,0,0
c4e1376523b66971.jpg,11,13,0,0,0,0,0,0,13,13,0,0
c4ed06b4bbd92a52.jpg,8,0,6,13,0,0,0,0,0,0,6,13
c4f61f82bc397099.jpg,8,0,6,13,0,0,0,0,0,0,5,13
c51861bae887776a.jpg,1,0,12,13,0,0,0,0,0,0,12,13
c530324bafc7729a.jpg,0,9,4,0,0,0,1,0,0,0,2,0
c54a8b7cd5754760.jpg,5,13,4,0,0,0,0,0,9,13,0,0
c5642ecaef1059cd.jpg,13,13,7,13,0,0,0,0,0,0,0,0
c56b9c9a9a585a53.jpg,3,13,11,13,0,0,0,0,0,0,12,13
c58e6ecc4474db83.jpg,13,13,0,0,0,0,0,0,10,13,0,0
c59634d79725d183.jpg,6,8,5,0,0,0,0,0,0,0,7,0
c59c9fce90e26c2c.jpg,13,13,4,13,0,0,0,0,0,0,3,13
c5a485d4bdc47b45.jpg,4,0,13,13,0,0,0,0,0,0,1,13
c5a588f9a7b4e50a.jpg,13,13,0,0,0,0,0,0,13,13,0,0
c5abe4a9985af851.jpg,0,0,0,0,8,0,0,0,0,0,0,8
c5b19a98c875adb8.jpg,5,0,10,13,0,0,0,0,1,0,8,13
c5b4359dcc688967.jpg,0,0,5,13,0,0,0,0,13,13,0,0
c5b53783e209b68e.jpg,1,0,0,0,0,0,0,0,2,8,6,0
c5b796e26b3034a5.jpg,2,0,12,13,0,0,0,0,0,0,11,13
c5b836e660fa30bc.jpg,1,9,8,0,0,0,0,0,0,0,3,0
c5bc36714749c8cd.jpg,0,0,12,13,0,0,0,0,0,0,12,13
c5ce0dc3f197321a.jpg,0,8,0,0,0,0,0,0,8,0,0,0
c5d8c672369399e4.jpg,0,0,2,9,6,0,0,0,0,0,0,0
c5df20c07bc15bc9.jpg,5,13,13,13,0,0,0,0,0,0,1,0
c5e5444760d0ebf5.jpg,5,0,13,13,0,0,0,0,0,0,9,13
c5f79caa2388b728.jpg,0,0,0,0,2,8,8,0,0,0,0,0
c5f93d941a0f1e13.jpg,0,0,13,13,0,0,0,0,0,0,12,13
c66c0f0ddc7f3141.jpg,0,0,7,0,0,10,0,0,0,0,0,0
c6790670cee23d87.jpg,2,0,1,0,0,0,0,0,1,9,1,0
c67a01efc3374b60.jpg,3,8,8,0,0,0,0,0,0,0,0,0
c6b833780fe5c34a.jpg,3,8,7,0,0,0,0,0,0,0,6,0
c6c30af8bbe84db0.jpg,8,8,0,0,0,0,8,0,0,0,0,0
c6e53fca10b1731c.jpg,11,0,7,13,0,0,0,0,0,0,6,13
c6f27280f29719d9.jpg,9,0,6,13,0,0,0,0,0,0,7,13
c72e6615fed514c0.jpg,1,0,8,13,0,0,0,0,0,0,9,13
c75a25d0cbcde630.jpg,0,0,0,0,9,0,0,0,0,0,3,9
c77960e1c343c6b6.jpg,0,11,11,0,0,0,0,0,0,0,0,0
c7892d78322c8cfd.jpg,0,9,0,0,0,0,0,0,9,0,0,0
c79230f2a207ff86.jpg,7,13,13,13,0,0,0,0,0,0,4,13
c79e4a310ef194d5.jpg,1,9,7,0,0,0,0,0,1,0,0,0
c7a0859bced8dc45.jpg,8,0,8,13,0,0,0,0,2,13,4,0
c7cb680fa57a9a21.jpg,0,0,13,13,0,0,0,0,0,0,8,13
c7d07f6865147668.jpg,0,10,10,0,0,0,0,0,0,0,0,0
c7d0d8d47d2634e4.jpg,13,13,4,13,0,0,0,0,0,0,1,0
c7e567c9cd053898.jpg,0,12,2,0,0,0,0,0,0,0,11,0
c7e8d29d382268f3.jpg,3,9,8,0,0,0,0,0,0,0,0,0
c7f84f328a669d22.jpg,1,0,9,0,0,0,0,0,0,0,9,9
c82b3ca1b4d197bc.jpg,0,0,13,13,0,0,0,0,0,0,13,13
c83674f435ba829e.jpg,0,0,13,13,0,0,0,0,0,0,13,13
c836bd4ff47093c0.jpg,7,0,6,13,0,0,0,0,0,0,4,13
c83915e48b5c21ff.jpg,0,0,10,0,0,0,0,0,0,0,9,10
c83969eb294d2637.jpg,7,13,0,0,0,0,10,13,0,0,0,0
c87832c1c78f8ece.jpg,1,0,12,13,0,0,0,0,0,0,10,13
c880bbdfcb612d62.jpg,5,9,9,0,0,0,0,0,0,0,9,0
c882bd994935f137.jpg,0,0,13,13,0,0,0,0,0,0,2,13
c8966548df21573d.jpg,0,0,0,0,0,8,0,0,0,0,8,0
c8a069971e3a653f.jpg,1,13,13,13,0,0,0,0,0,0,0,0
c8be28c0355d9fb8.jpg,9,13,9,13,0,0,0,0,0,0,2,0
c8c22aadc8763eb6.jpg,12,13,4,13,0,0,0,0,0,0,2,0
c8cd3cd8c26b971a.jpg,5,8,8,0,0,0,0,0,0,0,0,0
c8db70c393366ee0.jpg,0,0,8,0,0,0,0,0,0,0,8,8
c8e76ff01c38a24d.jpg,0,0,0,0,0,0,0,0,1,8,6,0
c8e94bc36d1f109d.jpg,10,13,0,0,0,0,12,13,0,0,0,0
c8f207c8931e21ff.jpg,0,0,5,13,0,0,0,0,0,0,13,13
c9264cdb1ce190df.jpg,0,0,13,13,0,0,0,0,0,0,6,13
c937a581977c6f20.jpg,2,11,0,0,0,0,0,0,11,0,0,0
c93a9d78fa017a45.jpg,5,0,9,13,0,0,0,0,0,0,9,13
c9a66ddfd4555404.jpg,0,0,0,0,2,0,0,11,0,0,8,0
c9ad6e343217f1a2.jpg,9,13,13,13,0,0,0,0,0,0,6,13
c9ae18e2cf83b296.jpg,1,0,13,13,0,0,0,0,0,0,3,13
c9bd7989096f1853.jpg,0,0,13,13,0,0,0,0,0,0,13,13
c9c07394f8d4ae39.jpg,0,0,11,13,0,0,0,0,0,0,1,13
c9d0347b2aa916f5.jpg,0,0,11,13,0,0,0,0,0,0,13,13
c9e5e7cc99b8830a.jpg,0,13,0,0,0,0,13,0,0,0,0,0
c9e63b7630743474.jpg,3,13,13,13,0,0,0,0,0,0,9,13
c9e8478782b6b1c7.jpg,3,10,10,0,0,0,0,0,0,0,1,0
c9f492e3cd114aa7.jpg,7,0,7,13,0,0,0,0,0,0,6,13
c9fc39f0c201d4f3.jpg,1,0,13,13,0,0,0,0,5,13,0,0
ca121736cadbcb61.jpg,0,0,5,13,0,0,0,0,13,13,0,0
ca3f3f3d542ac2a0.jpg,11,13,5,13,0,0,0,0,0,0,5,13
ca5211ffbad128d1.jpg,1,0,13,13,0,0,0,0,0,0,11,13
ca6f25823592359f.jpg,0,0,13,13,0,0,0,0,0,0,11,13
ca8ad6f11b85c7c2.jpg,0,12,0,0,0,0,0,0,0,0,12,0
ca994a3acd5bd451.jpg,12,13,5,13,0,0,0,0,3,0,0,0
ca9e36d874eb1245.jpg,0,0,13,13,0,0,0,0,0,0,9,13
caaf5551b7585458.jpg,10,13,12,13,0,0,0,0,0,0,9,13
cb7765de1289d04c.jpg,0,0,2,11,0,0,0,0,0,0,7,0
cb8120b3a0b9ddfa.jpg,2,13,13,13,0,0,0,0,0,0,5,13
cb83691f70546af8.jpg,1,0,13,13,0,0,0,0,0,0,8,13
cb8660f0e5958fa6.jpg,0,0,0,0,0,8,0,0,4,0,0,0
cb919518d8eb7274.jpg,4,13,13,13,0,0,0,0,0,0,8,13
cba2dfb2a8259c34.jpg,13,13,0,0,0,0,0,0,10,13,0,0
cba48fa2b5bc168c.jpg,4,13,13,13,0,0,0,0,0,0,13,13
cbb66bad98910e32.jpg,2,0,6,13,0,0,0,0,0,0,13,13
cbbb8bc0361ff110.jpg,0,0,0,0,11,0,0,0,0,0,0,12
cbc7f466d895c304.jpg,0,0,0,0,0,0,0,8,0,0,4,0
cbc96e1750a613bc.jpg,1,9,8,0,0,0,0,0,0,0,2,0
cbca9052d0b2f9d6.jpg,5,0,13,13,0,0,0,0,0,0,9,13
cbf2c091de397a81.jpg,0,0,13,13,0,0,0,0,0,0,8,13
cbfa218f81268e8f.jpg,0,10,6,0,0,0,0,0,4,0,0,0
cc49ede8099914fd.jpg,5,13,0,0,0,0,13,13,0,0,0,0
cc612ed9e5107f19.jpg,0,0,4,13,0,0,0,0,13,13,0,0
cc6338e137a9a34d.jpg,1,0,12,13,0,0,0,0,0,0,11,13
cc86680f741fda66.jpg,0,0,11,13,0,0,0,0,0,0,12,13
cc939795b5a5292a.jpg,0,13,0,0,0,0,0,0,11,0,0,0
cc9e079032bdb1cd.jpg,3,0,12,13,0,0,0,0,6,13,0,0
cc9ec9d5486d85a5.jpg,0,0,10,13,0,0,0,0,13,13,0,0
ccaa6183adcd455d.jpg,10,0,11,13,0,0,0,0,0,0,8,13
ccb152972a7a6555.jpg,12,13,3,13,0,0,0,0,0,0,0,0
ccb846c327699d87.jpg,0,0,12,13,0,0,0,0,0,0,3,13
ccc3cd879f21342d.jpg,1,0,13,13,0,0,0,0,0,0,5,13
ccfbb5b9407b3090.jpg,4,10,9,0,0,0,0,0,0,0,10,0
cd27ce297630c761.jpg,0,11,9,0,0,0,0,0,2,0,0,0
cd3b8392a5269ad3.jpg,6,0,4,13,0,0,0,0,0,0,7,13
cd406ac787c6eab8.jpg,2,0,0,0,0,0,0,0,0,10,0,0
cd415a3d62dc74b1.jpg,1,0,5,13,0,0,0,0,7,13,2,0
cd51d0cd9edbc80a.jpg,8,9,9,0,0,0,0,0,0,0,2,0
cd8a3c80aea8afe3.jpg,11,0,6,13,0,0,0,0,0,0,5,13
cd99c5888b342de7.jpg,8,0,13,13,0,0,0,0,0,0,4,13
cd9d94d2db01e07c.jpg,11,13,7,13,0,0,0,0,0,0,5,13
cdcc0c8fe8bec909.jpg,0,10,0,0,0,0,0,0,0,0,10,0
cdd4b812709761f3.jpg,1,0,13,13,0,0,0,0,0,0,5,13
cde0a32e8eb1495b.jpg,0,0,12,13,0,0,0,0,0,0,4,13
cdea8de2b1c1a135.jpg,4,8,7,0,0,0,0,0,0,0,2,0
cdf43ac5238c53b8.jpg,0,0,13,13,0,0,0,0,0,0,3,13
cdf71f3395a20164.jpg,11,13,7,13,0,0,0,0,0,0,3,13
cdfc76f09e2114e0.jpg,0,0,13,13,0,0,0,0,0,0,4,13
ce13fc4a586b8ce4.jpg,3,13,0,0,0,0,0,0,13,13,0,0
ce226a3cb099db4b.jpg,1,8,0,0,0,0,0,0,4,0,3,0
ce333d8d079f0a4a.jpg,4,13,11,13,0,0,0,0,0,0,3,0
ce4a8ec322b3f03b.jpg,0,0,8,0,0,0,0,0,0,0,2,9
ce62623318bf5e86.jpg,9,0,6,13,0,0,0,0,0,0,4,13
ce8830b568669d7e.jpg,1,0,10,13,0,0,0,0,0,0,13,13
ce93e68e9c7003f8.jpg,6,13,13,13,0,0,0,0,0,0,8,13
ce956445504bbdab.jpg,13,13,4,13,0,0,0,0,0,0,0,0
ceb6b4cbf4a00b83.jpg,1,9,9,0,0,0,0,0,0,0,6,0
cec8d564e8774992.jpg,0,0,10,0,0,0,0,0,0,0,3,11
ceee14f9db12c290.jpg,13,13,3,13,0,0,0,0,0,0,0,0
cf13f685a1a503ab.jpg,2,0,13,13,0,0,0,0,0,0,10,13
cf1af58187174157.jpg,0,0,0,0,0,8,0,0,0,0,6,0
cf23312fc8c3dcc8.jpg,0,0,0,0,9,0,0,0,0,0,3,9
cf3712db29997809.jpg,1,0,7,0,0,0,0,0,6,8,1,0
cf387a827031bc6e.jpg,0,9,0,0,0,0,0,0,4,0,0,0
cf3b10b30df2698c.jpg,4,8,1,0,0,0,0,0,8,0,0,0
cf7065c1868b82df.jpg,3,0,13,13,0,0,0,0,0,0,11,13
cf8cd55ad26b98c0.jpg,11,13,0,0,0,0,0,0,3,13,0,0
cf9d3fc3e12806b0.jpg,8,13,0,0,1,0,13,13,0,0,0,0
cfa720df009b358d.jpg,0,0,13,13,0,0,0,0,0,0,12,13
cfae27c0b0c1399e.jpg,8,0,7,13,0,0,0,0,0,0,6,13
cfb474cb96870986.jpg,0,0,9,0,0,0,0,0,0,0,7,9
cfb5f0a1809b0bba.jpg,6,0,4,13,0,0,0,0,0,0,10,13
cfd836c1f8ed2302.jpg,10,13,8,13,0,0,0,0,0,0,6,13
cfdd7a1d21750740.jpg,0,0,13,13,0,0,0,0,0,0,12,13
d00f79d9207af067.jpg,1,8,7,0,0,0,0,0,0,0,0,0
d0124fdecf3838b1.jpg,6,10,10,0,0,0,0,0,0,0,3,0
d023c15f9eb8e1a9.jpg,0,9,1,0,0,0,0,0,9,0,0,0
d06f7f3fd8864804.jpg,9,0,7,13,0,0,0,0,0,0,3,13
d078ababdffa0201.jpg,0,0,0,0,8,0,0,0,0,0,3,9
d07fe02dac1e1393.jpg,11,13,7,13,0,0,0,0,0,0,1,0
d08d7ce58fc818bc.jpg,3,0,5,13,0,0,0,0,1,0,8,13
d08ec37ee1642376.jpg,2,9,2,0,0,0,0,0,0,0,6,0
d09015b7bf1635b4.jpg,0,0,0,0,6,0,0,0,0,0,0,9
d091d0d019e37d3f.jpg,1,0,13,13,0,0,0,0,0,0,11,13
d09dd669109e47d9.jpg,13,13,5,13,0,0,0,0,0,0,0,0
d0a0fa83685f65f4.jpg,0,0,11,13,0,0,0,0,0,0,13,13
d0a26a4e34bcaaaf.jpg,0,0,0,0,1,0,0,9,0,0,4,0
d0a5970ba92bab96.jpg,6,10,0,0,0,0,0,0,10,0,0,0
d0ccac49435565f7.jpg,0,0,13,13,0,0,0,0,0,0,6,13
d0cea62f9f780495.jpg,4,8,5,0,0,0,0,0,0,0,5,0
d0cec08c4bef7632.jpg,11,0,6,13,0,0,0,0,0,0,4,13
d0cf98716466b69c.jpg,4,9,2,0,0,0,6,0,0,0,0,0
d0e05a4eb77921f2.jpg,8,9,0,0,0,0,8,0,0,0,0,0
d0e1d895ce888cfb.jpg,8,10,10,0,0,0,0,0,0,0,1,0
d0e3c2f7df51880a.jpg,1,9,7,0,0,0,0,0,1,0,0,0
d0e6d04fe727258a.jpg,1,0,12,13,0,0,0,0,0,0,10,13
d0eadd90c19da197.jpg,3,9,0,0,0,0,0,0,9,0,0,0
d0eb67e0ebc2a10e.jpg,0,0,13,13,0,0,0,0,0,0,1,13
d0f9cfa045d33349.jpg,1,10,10,0,0,0,0,0,0,0,0,0
d13e46ad1706b9c9.jpg,0,10,8,0,0,0,0,0,0,0,0,0
d14a42cf8c3537e9.jpg,3,13,1,0,0,0,0,0,7,13,0,0
d15e92a43a7ad09b.jpg,11,13,0,0,0,0,12,13,0,0,0,0
d16d728f367d2444.jpg,5,13,0,0,1,0,0,0,9,13,0,0
d197c19af84bee80.jpg,9,0,0,0,0,0,0,0,7,10,0,0
d19c998f74ae2856.jpg,7,0,7,13,0,0,0,0,0,0,6,13
d1bc3ac0356b5335.jpg,8,0,2,0,0,0,0,0,0,0,4,8
d1c5a92c5e2b6372.jpg,0,11,1,0,0,0,0,0,9,0,0,0
d1cdcb9a1b330b4a.jpg,8,13,12,13,0,0,0,0,0,0,6,13
d1d288f558ad6d86.jpg,5,0,5,13,0,0,0,0,12,13,0,0
d1ee83a58bf01c71.jpg,3,13,12,13,0,0,0,0,0,0,1,0
d20187f343afd20f.jpg,0,0,3,0,0,10,0,0,0,0,3,0
d20a299a3dc5d7d4.jpg,1,9,5,0,0,0,0,0,6,0,0,0
d218e10df92ee0f6.jpg,0,0,4,13,0,0,0,0,13,13,0,0
d22583fa9e0baca9.jpg,3,0,13,13,0,0,0,0,0,0,8,13
d262d839de14ae3c.jpg,5,13,0,0,0,0,13,13,0,0,0,0
d281d27f4f2929c6.jpg,13,13,0,0,0,0,0,0,4,13,0,0
d2855295df66646a.jpg,10,13,0,0,0,0,13,13,0,0,0,0
d2976612ca7a9f81.jpg,9,0,7,13,0,0,0,0,0,0,5,13
d29b35b730780f31.jpg,1,0,12,13,0,0,0,0,0,0,13,13
d2a9911b12b2cddd.jpg,13,13,6,13,0,0,0,0,0,0,5,13
d2d529cf9524cbb0.jpg,0,0,13,13,0,0,0,0,0,0,10,13
d2da5a85633a87b1.jpg,4,13,0,0,0,0,0,0,13,13,0,0
d2fb7286221e969c.jpg,9,13,1,0,0,0,0,0,10,13,0,0
d3836eedb1a40e98.jpg,5,0,5,13,0,0,0,0,3,0,3,13
d3b019d9f980bd85.jpg,2,0,11,13,0,0,0,0,3,13,1,0
d3b089e760db2f06.jpg,4,8,1,0,0,0,0,0,0,0,8,0
d3b527cb602cdb18.jpg,8,13,0,0,0,0,13,13,0,0,0,0
d3bfc1646610eea8.jpg,0,11,4,0,0,0,0,0,4,0,0,0
d3e26292d86be46c.jpg,9,13,0,0,0,0,10,13,0,0,0,0
d437e82acf21cf60.jpg,8,0,8,13,0,0,0,0,0,0,7,13
d4484e8d7bd8b34a.jpg,2,11,2,0,2,0,0,0,0,0,1,0
d47293f9e9832592.jpg,9,11,10,0,0,0,0,0,0,0,3,0
d4919739497432be.jpg,7,0,7,13,0,0,0,0,0,0,7,13
d49c30f31fa12f68.jpg,0,0,0,0,5,0,0,0,0,0,0,8
d4a430cc663792fe.jpg,7,8,8,0,0,0,0,0,0,0,2,0
d4ab72ac33ccb413.jpg,0,0,5,9,0,0,0,0,0,0,9,0
d4ab8b9e10716a6e.jpg,5,0,8,13,0,0,0,0,4,13,0,0
d4c367739964b80e.jpg,7,0,6,13,0,0,0,0,0,0,8,13
d4cb2a5aa4556557.jpg,0,0,10,0,0,0,0,0,0,0,6,10
d4d0f94f560dab09.jpg,9,0,9,13,0,0,0,0,0,0,5,13
d4d63e2584072b7e.jpg,0,0,5,13,0,0,0,0,13,13,0,0
d4e8c6d7319e1334.jpg,2,13,0,0,0,0,0,0,13,13,0,0
d4eb958689fab130.jpg,0,11,10,0,0,0,0,0,0,0,4,0
d4ee2012a5abd2de.jpg,7,8,8,0,0,0,0,0,0,0,1,0
d4f09ec068de272e.jpg,12,13,6,13,0,0,0,0,0,0,6,13
d4f6ec925752aa09.jpg,8,8,0,0,0,0,8,0,0,0,0,0
d4f822dcf48334e5.jpg,0,0,0,0,0,11,0,0,0,0,10,0
d51d32f803233abd.jpg,0,0,11,0,0,0,0,0,0,0,1,11
d52d94ab3d5625d0.jpg,4,0,6,13,0,0,0,0,0,0,10,13
d56fd3558906c938.jpg,12,13,6,13,0,0,0,0,0,0,6,13
d582cba92f753074.jpg,7,0,7,13,0,0,0,0,0,0,6,13
d58631dd20bec536.jpg,9,0,4,13,0,0,0,0,0,0,4,13
d586c8248da6ddcb.jpg,0,9,0,0,0,0,0,0,9,0,0,0
d5890ad21bcc8bb7.jpg,7,13,0,0,0,0,13,13,0,0,0,0
d5ac27526895478f.jpg,0,0,13,13,0,0,0,0,0,0,4,13
d5b88d4374e75164.jpg,0,0,4,13,0,0,0,0,13,13,0,0
d5cd9d0c2ca2e3e4.jpg,0,0,8,0,0,0,0,0,0,0,8,8
d5cea09688d65db2.jpg,0,10,0,0,0,0,0,0,0,0,9,0
d5ddd4403cb29bc4.jpg,2,10,1,0,0,0,0,0,8,0,0,0
d5e027c7009fe8dc.jpg,0,0,13,13,0,0,0,0,0,0,10,13
d5e1c3933ba32187.jpg,8,9,0,0,0,0,0,0,9,0,0,0
d5ea3fa46084b19d.jpg,0,0,13,13,0,0,0,0,0,0,3,13
d60739c70fe03a3c.jpg,0,0,1,0,2,0,0,0,3,0,0,11
d60ba2a5da345d72.jpg,9,0,7,13,0,0,0,0,0,0,5,13
d66a0b1639ff64c0.jpg,13,13,0,0,0,0,0,0,6,13,0,0
d66fcb790c992113.jpg,2,8,4,0,0,0,1,0,0,0,0,0
d69357569a03ea8a.jpg,7,10,9,0,0,0,0,0,0,0,5,0
d6b636d2096d6c2c.jpg,1,10,8,0,0,0,0,0,0,0,9,0
d6c4d74ab434ab52.jpg,6,0,10,13,0,0,0,0,0,0,11,13
d6d2964a3f20b49d.jpg,11,13,4,13,0,0,0,0,5,0,3,13
d6e429d43d08d9d3.jpg,1,0,10,13,0,0,0,0,0,0,13,13
d721ca38cb4bc356.jpg,1,10,0,0,0,0,1,0,7,0,1,0
d73682cbc28f89ca.jpg,3,0,13,13,0,0,0,0,0,0,7,13
d74428b4fcc4727a.jpg,13,13,7,13,0,0,0,0,0,0,7,13
d76939c0e1c761e4.jpg,2,10,10,0,0,0,0,0,0,0,1,0
d7978340027aebf1.jpg,0,0,7,13,0,0,0,0,0,0,13,13
d7d4424d2f2eb0d2.jpg,9,0,8,13,0,0,0,0,0,0,6,13
d7e4c2007fbb681a.jpg,0,0,0,0,0,0,0,0,0,8,6,0
d7fcce009cd5b0b0.jpg,0,0,6,0,1,0,0,0,0,0,0,9
d8047c2b34d7a0df.jpg,1,8,0,0,0,0,0,0,2,0,4,0
d83b2153d2755cd4.jpg,2,0,12,13,0,0,0,0,1,0,4,13
d8539e63dd110b99.jpg,7,13,4,13,0,0,0,0,0,0,7,13
d86be320b7923af0.jpg,1,0,13,13,0,0,0,0,0,0,10,13
d872934cc5953735.jpg,3,0,0,0,0,0,0,0,1,9,3,0
d881fa0ed9c833dc.jpg,1,8,0,0,0,0,0,0,8,0,0,0
d881ff1a9b79b600.jpg,0,0,12,13,0,0,0,0,0,0,4,13
d889e7af14505db8.jpg,2,0,0,0,0,0,0,0,1,8,3,0
d8adabc034d7b04e.jpg,1,0,13,13,0,0,0,0,0,0,13,13
d8b488c99eb9317c.jpg,0,0,6,0,0,0,2,8,0,0,0,0
d8b52634c9165de6.jpg,0,0,0,0,0,0,0,0,2,8,7,0
d8c973f3d121d0d1.jpg,0,10,0,0,0,0,0,0,4,0,1,0
d8d36100cf65dc8f.jpg,0,0,0,0,1,0,3,0,0,0,0,9
d8e06ac4bf4f5115.jpg,13,13,4,13,0,0,0,0,0,0,0,0
d8e439c4a39e05bd.jpg,5,8,7,0,0,0,0,0,0,0,0,0
d8f268a4adceb08e.jpg,12,13,0,0,0,0,0,0,6,13,0,0
d8f2878a7c6d30a5.jpg,3,10,10,0,0,0,0,0,0,0,10,0
d90fc693d22589f2.jpg,0,0,10,0,1,10,0,0,0,0,0,0
d970b103052af97f.jpg,0,0,13,13,0,0,0,0,0,0,1,13
d99898db266ba865.jpg,8,13,0,0,0,0,0,0,12,13,0,0
d99bcab5256223b1.jpg,0,0,4,13,0,0,0,0,13,13,0,0
d9a98d8a92736347.jpg,13,0,3,13,0,0,0,0,0,0,3,13
d9c53e98c0a49e3d.jpg,1,0,13,13,0,0,0,0,0,0,7,13
d9e349ca27cc9316.jpg,0,0,13,13,0,0,0,0,0,0,12,13
da21833e70d3077e.jpg,5,10,10,0,0,0,0,0,0,0,2,0
da32a31d92652fc9.jpg,1,11,0,0,0,0,0,0,11,0,0,0
da39cde06e077116.jpg,0,0,13,13,0,0,0,0,0,0,3,13
da81adbc156ec386.jpg,1,12,1,0,0,0,0,0,10,0,0,0
da8770e819d2696d.jpg,0,0,1,0,3,0,0,0,0,0,0,10
daa3559ae348da45.jpg,4,13,0,0,0,0,0,0,13,13,0,0
daa8c2f5cf32c930.jpg,6,9,9,0,0,0,0,0,0,0,5,0
daab83b07943495d.jpg,4,0,13,13,0,0,0,0,0,0,11,13
daaecb825076671a.jpg,12,13,0,0,0,0,0,0,13,13,0,0
dad783f2fd226024.jpg,8,0,5,11,0,0,0,0,0,0,3,0
daf355c268291eca.jpg,6,9,7,0,0,0,0,0,0,0,9,0
dafd6890a5c1344f.jpg,9,0,3,9,0,0,0,0,0,0,0,0
db00e983bc71e395.jpg,2,0,13,13,0,0,0,0,0,0,11,13
db49c4e8362dcce4.jpg,4,0,1,11,0,0,2,0,0,0,0,0
db531fc1708be2c8.jpg,6,0,11,13,0,0,0,0,0,0,12,13
db68629d1e14713e.jpg,5,13,0,0,0,0,0,0,13,13,0,0
db82a12cd93694b7.jpg,11,13,10,13,0,0,0,0,0,0,10,13
db838bc1d8432be3.jpg,0,9,9,0,0,0,0,0,0,0,8,0
db854799c11dc29d.jpg,2,0,10,0,0,0,0,0,0,0,3,10
db9bc1fa24111c9d.jpg,13,13,4,13,0,0,0,0,0,0,4,13
dba5200f708bdf2c.jpg,8,13,11,13,0,0,0,0,0,0,0,0
dbb623a6b4a6424b.jpg,0,0,0,0,0,0,0,0,8,0,0,10
dbec018b96b5191b.jpg,0,12,0,0,0,0,0,0,11,0,0,0
dc080c7fd461df34.jpg,5,13,13,13,0,0,0,0,0,0,5,13
dc6984d6ae338399.jpg,4,13,12,13,0,0,0,0,0,0,0,0
dc6dc43a963262d6.jpg,13,13,6,13,0,0,0,0,0,0,0,0
dc95818fecb86037.jpg,12,13,6,13,0,0,0,0,0,0,6,13
dc96cf00f0ef4cd0.jpg,13,13,7,13,0,0,0,0,0,0,6,13
dcd07224a692a5ef.jpg,4,13,13,13,0,0,0,0,0,0,5,13
dcd4fee92e816052.jpg,0,0,4,13,0,0,0,0,13,13,0,0
dcd82b44eccdd350.jpg,8,13,0,0,0,0,12,13,0,0,0,0
dcf0620fdf545a84.jpg,0,0,13,13,0,0,0,0,0,0,13,13
dcf88a9264b663a5.jpg,5,13,0,0,0,0,0,0,13,13,0,0
dd093d1eeb36a504.jpg,10,0,0,0,0,0,0,0,1,10,0,0
dd0a33c5c636c2e3.jpg,7,0,0,0,0,0,3,11,0,0,0,0
dd0a7e4370a0b8d7.jpg,5,8,8,0,0,0,0,0,0,0,7,0
dd37c8f39a0003fc.jpg,8,0,6,13,0,0,0,0,0,0,9,13
dd49395b9489663c.jpg,2,0,10,13,0,0,0,0,0,0,3,13
dd8e5821c3cb9396.jpg,1,10,10,0,0,0,0,0,0,0,0,0
dd924999b69dcb01.jpg,1,0,13,13,0,0,0,0,0,0,13,13
ddb0072db814ad7a.jpg,7,9,8,0,0,0,0,0,0,0,3,0
ddb0f3b4a0d112ab.jpg,0,0,13,13,0,0,0,0,0,0,13,13
ddb839dd4d25108b.jpg,0,12,11,0,0,0,0,0,0,0,0,0
ddf224d2b24bd30c.jpg,3,0,12,13,0,0,0,0,0,0,12,13
ddf2d2e189041fe4.jpg,0,0,6,13,0,0,0,0,0,0,13,13
de073bf47280709b.jpg,1,11,11,0,0,0,0,0,0,0,1,0
de13663b6c92fe00.jpg,0,0,9,13,0,0,0,0,0,0,13,13
de1cda2ec91ca41e.jpg,0,9,5,0,0,0,0,0,0,0,9,0
de22c00ae5df626d.jpg,5,13,6,13,0,0,0,0,0,0,11,13
de27e42a4465a67c.jpg,6,0,0,0,0,0,0,0,0,9,1,0
de288798942d29fe.jpg,10,13,5,13,0,0,0,0,0,0,5,13
de29a0de838faca1.jpg,0,0,0,0,0,0,1,9,0,0,3,0
de30c5c99e0aeca9.jpg,3,0,13,13,0,0,0,0,0,0,7,13
de44a69ccda07a35.jpg,3,13,0,0,0,0,13,13,0,0,0,0
de4ac22bb072c2dd.jpg,8,0,8,13,0,0,0,0,0,0,9,13
de96253c36da40c7.jpg,2,11,8,0,0,0,0,0,0,0,8,0
de9a27d790d09315.jpg,0,0,0,0,2,0,0,0,2,0,0,8
dea1a45cb1277266.jpg,0,11,1,0,0,0,0,0,11,0,0,0
deab6c70f422cc31.jpg,7,13,1,0,0,0,0,0,5,13,1,0
dee13184115f269f.jpg,4,0,0,0,0,0,0,0,4,9,4,0
deec13d18fca8cc0.jpg,3,0,12,13,0,0,0,0,0,0,11,13
df25c4c2dd9d31c0.jpg,13,13,3,13,0,0,0,0,0,0,4,13
df3b8800e2f892fa.jpg,2,9,9,0,0,0,0,0,0,0,4,0
df570928d3d22a9a.jpg,13,13,0,0,0,0,8,13,0,0,0,0
df979e8ac8e02562.jpg,8,0,7,13,0,0,0,0,0,0,7,13
dfc260433c1774b6.jpg,0,0,13,13,0,0,0,0,0,0,13,13
dfc883689f01cf31.jpg,1,13,13,13,0,0,0,0,0,0,2,0
dfcd1780c899c8cb.jpg,1,0,6,13,0,0,0,0,0,0,12,13
dfd29093e9b80559.jpg,8,0,9,13,0,0,0,0,0,0,8,13
dfe0798519d51316.jpg,1,11,0,0,0,0,0,0,0,0,11,0
dfe17887030b5d1a.jpg,1,0,13,13,0,0,0,0,0,0,6,13
dfff60f000af80e4.jpg,0,0,10,0,0,0,0,0,0,0,10,10
e01ae16d4a759cb5.jpg,10,0,0,0,0,0,0,0,7,10,0,0
e02b8835e5654777.jpg,4,13,0,0,0,0,13,13,0,0,0,0
e02e82838f2d3d7d.jpg,2,9,9,0,0,0,0,0,0,0,0,0
e034d6f038ba395b.jpg,3,13,0,0,0,0,0,0,13,13,0,0
e03795d3f908a31d.jpg,13,13,0,0,0,0,13,13,0,0,0,0
e045ef6e9a34843d.jpg,1,11,8,0,0,0,0,0,0,0,9,0
e04e811c9ffd12b9.jpg,1,9,0,0,0,0,0,0,9,0,0,0
e068953ecb74c535.jpg,4,8,8,0,0,0,0,0,0,0,2,0
e07099e1d9cd6d98.jpg,11,0,4,13,0,0,0,0,0,0,3,13
e07485de9fbca409.jpg,7,11,11,0,0,0,0,0,0,0,0,0
e07c07e1e251d4f9.jpg,3,13,13,13,0,0,0,0,0,0,4,13
e07f94b41f1e282b.jpg,6,9,9,0,0,0,0,0,0,0,2,0
e087f27e83f008e7.jpg,3,9,8,0,0,0,0,0,0,0,0,0
e0909f5a9f239e26.jpg,3,0,11,13,0,0,0,0,0,0,12,13
e09f855a8778b8f0.jpg,13,13,5,13,0,0,0,0,0,0,4,13
e0a1f05e2ea13c5f.jpg,8,13,11,13,0,0,0,0,0,0,0,0
e0a8d0ebd93be11a.jpg,1,9,9,0,0,0,0,0,0,0,4,0
e0b24ee576e04f68.jpg,13,13,0,0,0,0,9,13,0,0,0,0
e0b4800fdf171cee.jpg,12,13,8,13,0,0,0,0,0,0,6,13
e0b628c23fb83579.jpg,8,0,6,13,0,0,0,0,5,13,1,0
e0b8d48f9c909fd2.jpg,0,0,10,0,0,10,0,0,0,0,0,0
e0bf98838ec39e2a.jpg,12,13,12,13,0,0,0,0,0,0,7,13
e0c0aad0efd08fe3.jpg,2,0,12,13,0,0,0,0,0,0,8,13
e0c7a1d757432cc5.jpg,0,0,0,0,9,0,0,0,0,0,0,9
e0cef3b1898d8ce4.jpg,0,0,13,13,0,0,0,0,0,0,5,13
e0cfd414d9326337.jpg,1,12,11,0,0,0,0,0,0,0,0,0
e0e2dad2c8df4d88.jpg,5,8,8,0,0,0,0,0,0,0,0,0
e0e88a09da1237ff.jpg,5,11,11,0,0,0,0,0,0,0,1,0
e0e8f3d7d6ba0a08.jpg,6,9,9,0,0,0,0,0,0,0,8,0
e0eb8e90dd9a389a.jpg,0,0,13,13,0,0,0,0,5,13,0,0
e1259b2b6ef74203.jpg,5,0,10,13,0,0,0,0,0,0,6,13
e143c3dc78704757.jpg,2,9,3,0,0,0,0,0,5,0,0,0
e156a1cc25ad8797.jpg,12,13,0,0,0,0,8,13,0,0,0,0
e18483da516b6b67.jpg,6,0,11,13,0,0,0,0,1,0,4,13
e18c947f337964a1.jpg,11,13,8,13,0,0,0,0,0,0,0,0
e196d28e25fc38c9.jpg,0,0,0,0,1,10,5,0,3,0,0,0
e19be90c921d4fe1.jpg,8,0,5,13,0,0,0,0,0,0,5,13
e1a4ce9cde918761.jpg,10,0,3,13,0,0,0,0,4,13,0,0
e1a61cf6e982628f.jpg,0,0,13,13,0,0,0,0,0,0,9,13
e1aa251ab179a7c9.jpg,2,0,8,13,0,0,0,0,11,13,0,0
e1b9a3929e0447f3.jpg,1,12,10,0,0,0,0,0,0,0,0,0
e1b9c199938dd1c6.jpg,7,13,0,0,0,0,0,0,12,13,0,0
e1c13e72a41e6d8e.jpg,8,13,0,0,0,0,0,0,12,13,0,0
e1c3963c6bb08f38.jpg,12,13,0,0,0,0,11,13,0,0,0,0
e1dcc7e08c67b8b0.jpg,11,13,10,13,0,0,0,0,0,0,6,13
e1dee4124f2155b3.jpg,7,8,7,0,0,0,0,0,0,0,3,0
e1e422dd525277ac.jpg,11,13,0,0,0,0,12,13,0,0,0,0
e1ed8bb0fc93049c.jpg,11,13,10,13,0,0,0,0,0,0,5,13
e1f31f9e68192155.jpg,11,0,4,13,0,0,0,0,0,0,2,13
e1f59dc570897099.jpg,8,0,7,10,0,0,0,0,0,0,2,0
e26d9782451b743b.jpg,1,9,9,0,0,0,0,0,0,0,4,0
e274d3425a0b9f39.jpg,3,0,4,13,0,0,0,0,7,0,1,13
e298c74765261d9d.jpg,4,13,12,13,0,0,0,0,0,0,9,13
e29ef16e2f0414a7.jpg,10,13,10,13,0,0,0,0,0,0,3,13
e2f523e3c5eb4a40.jpg,0,0,13,13,0,0,0,0,0,0,3,13
e305d654ade3e41a.jpg,0,0,0,0,3,8,0,0,0,0,8,0
e350014f5de71f92.jpg,1,10,8,0,0,0,1,0,0,0,0,0
e36d1c8c77b90133.jpg,0,0,9,13,0,0,2,0,0,0,2,13
e3829557e1612faa.jpg,6,0,8,13,0,0,0,0,0,0,7,13
e3c38738313379e4.jpg,9,13,13,13,0,0,0,0,0,0,0,0
e3e065e07a996d0e.jpg,13,13,0,0,0,0,0,0,6,13,0,0
e3e28ac011bd372f.jpg,1,0,1,0,0,11,0,0,6,0,0,0
e425c5909a7a9aee.jpg,6,0,8,13,0,0,0,0,0,0,9,13
e48bc121c7d3ba8d.jpg,4,13,13,13,0,0,0,0,0,0,0,0
e493c289c66f313e.jpg,13,13,0,0,0,0,0,0,4,13,0,0
e4af7b827043b925.jpg,5,8,8,0,0,0,0,0,0,0,3,0
e4b03f4f1d45d612.jpg,13,13,4,13,0,0,0,0,0,0,1,0
e4c8e72cc73596a4.jpg,0,11,0,0,0,0,0,0,9,0,0,0
e4c956562e34e1cb.jpg,2,0,3,13,0,0,0,0,4,0,4,13
e4ca9593aa4deb09.jpg,8,13,0,0,0,0,0,0,9,13,0,0
e4cc33789ec73232.jpg,0,0,0,0,0,0,0,9,0,0,0,0
e4e5d5ca4ae8a24b.jpg,10,13,3,0,0,0,0,0,4,13,1,0
e4e862cac37e2738.jpg,11,0,3,11,0,0,0,0,0,0,1,0
e4ec1c6d8a9ef209.jpg,13,13,6,13,0,0,0,0,0,0,6,13
e4fea416c274fc60.jpg,11,0,1,0,0,0,0,0,2,12,0,0
e517c4d0c7e1d4c9.jpg,0,11,6,0,0,0,0,0,0,0,2,0
e519b5c24a2bbc72.jpg,9,0,9,13,0,0,0,0,0,0,8,13
e52761df18667254.jpg,0,0,13,13,0,0,0,0,0,0,5,13
e52785f3cd1d3860.jpg,10,0,7,13,0,0,0,0,0,0,4,13
e529adb8c61cca5c.jpg,1,9,3,0,0,0,0,0,6,0,0,0
e53116d682ca24ff.jpg,8,0,10,13,0,0,0,0,0,0,4,13
e556d2349fbaa288.jpg,9,13,6,13,0,0,0,0,0,0,6,13
e56f9634b81249da.jpg,0,0,13,13,0,0,0,0,0,0,12,13
e581a7d2524adba9.jpg,5,0,13,13,0,0,0,0,0,0,10,13
e585859a1fbc50e5.jpg,11,13,6,13,0,0,0,0,0,0,7,13
e589c21cebe634c6.jpg,2,0,12,13,0,0,0,0,0,0,5,13
e59398e692385fb0.jpg,6,8,8,0,0,0,0,0,0,0,0,0
e59797c24276026f.jpg,8,13,2,0,0,0,0,0,4,13,0,0
e5a2d2cb351d3664.jpg,5,0,12,13,0,0,0,0,0,0,3,13
e5abd2ad8a55005f.jpg,1,0,13,13,0,0,0,0,0,0,13,13
e5b09493cbc9c555.jpg,4,13,0,0,0,0,13,13,0,0,0,0
e5b4cb7a2c325383.jpg,4,0,11,13,0,0,0,0,0,0,9,13
e5b8749dc4269876.jpg,10,13,10,13,0,0,0,0,0,0,3,0
e5b8c75501e729c6.jpg,8,0,5,10,0,0,0,0,0,0,2,0
e5bc849c0bced0d3.jpg,10,10,0,0,0,0,10,0,0,0,0,0
e5bcdfc19483c825.jpg,10,13,0,0,0,0,0,0,13,13,0,0
e5bee048cb18de58.jpg,9,13,8,13,0,0,0,0,0,0,8,13
e5c5b229447fde20.jpg,7,0,8,13,0,0,0,0,0,0,7,13
e5ca546c423d2abe.jpg,7,0,6,13,0,0,0,0,0,0,6,13
e5d7c5b28d232926.jpg,7,0,8,13,0,0,0,0,0,0,8,13
e5e585eac5859496.jpg,9,13,9,13,0,0,0,0,0,0,0,0
e5e895c7504239e7.jpg,2,12,0,0,0,0,0,0,10,0,0,0
e5efc6352d160689.jpg,0,0,0,0,9,0,0,0,0,0,0,11
e64bc7a2cc936c8c.jpg,0,10,10,0,0,0,0,0,0,0,0,0
e65895a55ae12a75.jpg,2,9,9,0,0,0,0,0,0,0,0,0
e668d51407be67c2.jpg,0,0,0,0,0,10,0,0,0,0,10,0
e6e0c9ce668692cb.jpg,0,0,0,0,8,0,0,0,0,0,0,9
e70e822c8bc8bdb3.jpg,4,13,0,0,0,0,9,13,3,0,0,0
e72bc2978bc59294.jpg,5,13,12,13,0,0,0,0,0,0,11,13
e75a82c38fca958c.jpg,1,0,13,13,0,0,0,0,0,0,11,13
e78cc284c4f4bcf2.jpg,11,0,4,13,0,0,0,0,0,0,2,13
e7a782e08b0f1f54.jpg,1,9,0,0,0,0,1,0,0,0,4,0
e7b1c6be8cd0184b.jpg,10,13,8,13,0,0,0,0,0,0,8,13
e7cc1e70c3ae816a.jpg,12,13,0,0,0,0,0,0,12,13,0,0
e803741f4864e7f3.jpg,2,0,9,13,0,0,0,0,0,0,9,13
e82fd16492b333b2.jpg,12,13,5,13,0,0,0,0,0,0,0,0
e83507dd6015e91f.jpg,13,13,5,13,0,0,0,0,0,0,5,13
e83b9583d8f4d2d0.jpg,9,0,6,13,0,0,0,0,0,0,5,13
e84a0368f760b63f.jpg,2,8,8,0,0,0,0,0,0,0,1,0
e84fd50dca289b78.jpg,4,0,12,13,0,0,0,0,1,0,9,13
e876c13fc438ed11.jpg,6,0,5,13,0,0,0,0,0,0,9,13
e8829f1360cff634.jpg,1,0,13,13,0,0,0,0,0,0,4,13
e88a9a3de8511d9b.jpg,13,13,4,13,0,0,0,0,0,0,3,13
e88abb9f98d552c0.jpg,8,0,0,0,0,0,0,0,0,0,0,8
e88cccacdc702a7e.jpg,6,13,13,13,0,0,0,0,0,0,4,13
e89199c9e16f6632.jpg,8,8,8,0,0,0,0,0,0,0,2,0
e89e1c660f9a849f.jpg,0,0,0,0,0,10,0,0,10,0,0,0
e89f82785f091de1.jpg,1,10,0,0,0,0,0,0,10,0,0,0
e8a6c086dfed2d09.jpg,4,13,0,0,0,0,0,0,13,13,0,0
e8abc5730ec0aa8f.jpg,10,0,11,13,0,0,0,0,0,0,8,13
e8b095a93a1d33ce.jpg,10,0,6,13,0,0,0,0,0,0,3,13
e8b385855ed87299.jpg,2,0,10,13,0,0,0,0,0,0,6,13
e8b8a49085dd7ed8.jpg,3,0,12,13,0,0,0,0,5,13,0,0
e8b8f8f58983c545.jpg,13,13,3,13,0,0,0,0,0,0,0,0
e8bf851f8bec0298.jpg,0,0,10,0,0,10,0,0,0,0,0,0
e8cd354ae3d083f2.jpg,1,0,12,13,0,0,0,0,0,0,12,13
e8d585604a874edf.jpg,6,0,7,13,0,0,0,0,0,0,8,13
e8d9c3275a389a6a.jpg,13,13,0,0,1,0,0,0,12,13,0,0
e8e0f5d216588bcb.jpg,11,13,9,13,0,0,0,0,0,0,8,13
e8e4dc2e122273f6.jpg,0,0,6,13,0,0,0,0,13,13,0,0
e8e5c38f8f18a05d.jpg,13,13,6,13,0,0,0,0,0,0,0,0
e8ffc10087702e3f.jpg,9,0,9,13,0,0,0,0,0,0,7,13
e90ba5c9332f31c3.jpg,0,12,3,0,0,0,0,0,0,0,9,0
e90da17f9565826a.jpg,3,0,13,13,0,0,0,0,0,0,7,13
e917184f15c81adf.jpg,7,9,9,0,0,0,0,0,0,0,3,0
e924dd52942f9e4c.jpg,0,9,0,0,0,0,0,0,9,0,0,0
e92a902d573e4aba.jpg,9,13,8,13,0,0,0,0,0,0,7,13
e92b6d86317d92a8.jpg,4,0,13,13,0,0,0,0,0,0,11,13
e94b7bd25a9968a0.jpg,8,0,0,0,0,0,2,9,0,0,0,0
e94b8b3d070a1dad.jpg,0,0,0,0,3,0,0,0,0,0,0,9
e969c081c53d8fdc.jpg,12,13,7,0,0,0,4,13,0,0,0,0
e987c85d05a1fe25.jpg,7,0,8,13,0,0,0,0,0,0,6,13
e98ac0c22bc33d7e.jpg,9,0,5,13,0,0,0,0,0,0,5,13
e990963b0ee32ce5.jpg,10,13,7,13,0,0,0,0,0,0,2,13
e993da699d01331b.jpg,13,13,6,13,0,0,0,0,0,0,0,0
e9a1d3d81b707532.jpg,3,0,13,13,0,0,0,0,0,0,11,13
e9a494309f82dadd.jpg,0,0,0,0,0,0,0,0,0,0,0,9
e9a7dac94db42298.jpg,13,13,5,13,0,0,0,0,0,0,1,0
e9adcb719ad23248.jpg,7,0,5,13,0,0,0,0,0,0,6,13
e9bc94814b9b7934.jpg,6,0,10,13,0,0,0,0,0,0,9,13
e9bd708007dbb4d1.jpg,6,0,8,13,0,0,0,0,0,0,8,13
e9c8d40f907ef066.jpg,8,13,11,13,0,0,0,0,0,0,0,0
e9c995606c25763e.jpg,0,0,13,13,0,0,0,0,0,0,11,13
e9d34f92633706a1.jpg,12,0,4,13,0,0,0,0,0,0,4,13
e9dac297cf381071.jpg,3,13,13,13,0,0,0,0,0,0,10,13
e9e907c9ca62da62.jpg,10,0,6,13,0,0,0,0,0,0,3,13
e9e9c53e84652bc2.jpg,13,13,9,13,0,0,0,0,0,0,4,0
e9f0c75e8863268d.jpg,0,0,10,0,0,10,0,0,0,0,0,0
ea15363ced227ea0.jpg,10,0,9,13,0,0,0,0,0,0,7,13
ea21879f1c7095cb.jpg,6,13,12,13,0,0,0,0,0,0,12,13
ea31e0d14a13ee9d.jpg,10,13,9,13,0,0,0,0,0,0,7,13
ea4bc3e536bf0218.jpg,1,0,13,13,0,0,0,0,0,0,8,13
ea55a437dda1d620.jpg,11,0,0,0,0,0,0,0,0,0,1,11
ea57873aa65304d3.jpg,0,0,13,13,0,0,0,0,0,0,12,13
ea5f8f0b9c605b30.jpg,0,0,0,0,6,0,0,0,0,0,0,8
ea675274ca82ac9b.jpg,0,0,0,0,0,10,0,0,9,0,0,0
ea6ad6949d92a127.jpg,13,13,3,13,0,0,0,0,0,0,0,0
ea70e75d93a89245.jpg,4,0,5,0,0,0,0,0,0,10,0,0
ea89b58fc3168e8a.jpg,13,13,12,13,0,0,0,0,0,0,3,0
ea94c3c189471fae.jpg,0,0,7,13,0,0,0,0,13,13,0,0
ea95c7482f7562c2.jpg,0,9,0,0,0,0,0,0,9,0,0,0
ea9dcf3108cf390a.jpg,8,0,5,13,0,0,0,0,0,0,5,13
eaa7c001157ffa0e.jpg,0,10,10,0,0,0,0,0,0,0,10,0
eab395172e3c68e0.jpg,12,13,8,13,0,0,0,0,0,0,6,13
eab49378926568a7.jpg,10,13,8,13,0,0,0,0,0,0,7,13
eab7841297ca58da.jpg,0,0,13,13,0,0,0,0,0,0,13,13
eaba85110f585fc5.jpg,1,0,13,13,0,0,0,0,3,13,3,0
eac591536af44596.jpg,13,13,12,13,0,0,0,0,0,0,3,0
eac597c4c16ee911.jpg,4,0,9,13,0,0,0,0,8,13,0,0
eac5c0d28b8a7ada.jpg,5,9,9,0,0,0,0,0,0,0,9,0
eacac1dcd58919b8.jpg,4,0,13,13,0,0,0,0,0,0,4,13
eacad448c8227db7.jpg,5,13,12,13,0,0,0,0,0,0,0,0
eacb78cdb12d4a82.jpg,1,8,0,0,3,0,0,0,2,0,0,0
ead085dfac287263.jpg,0,0,2,10,1,0,4,0,0,0,1,0
eaef9794aada0015.jpg,12,13,0,0,0,0,0,0,10,13,0,0
eaf287d7d4381a28.jpg,12,13,12,13,0,0,0,0,0,0,2,13
eb0f9f8e106260b7.jpg,0,10,10,0,0,0,0,0,0,0,0,0
eb2999cab4d74503.jpg,11,0,5,13,0,0,0,0,0,0,4,13
eb42e89485cf9e0e.jpg,8,13,13,13,0,0,0,0,0,0,3,0
eb809576c342c9f9.jpg,12,13,0,0,0,0,13,13,0,0,0,0
eb97d438aeeb0260.jpg,9,13,0,0,0,0,0,0,10,13,0,0
ebace104dd72583a.jpg,3,0,13,13,0,0,0,0,0,0,4,13
ebc09db8db31b902.jpg,0,0,12,13,0,0,0,0,0,0,12,13
ebdb8101af7d5424.jpg,6,0,5,13,0,0,0,0,0,0,10,13
ebe1702a1cfca2ca.jpg,5,0,8,13,0,0,0,0,0,0,10,13
ebe6e03a7470d055.jpg,6,0,6,13,0,0,0,0,0,0,6,13
ebf463c1d8f82c28.jpg,5,0,13,13,0,0,0,0,0,0,9,13
ec0be541833f4f32.jpg,5,0,12,13,0,0,0,0,0,0,9,13
ec4497cf52c83999.jpg,13,13,0,0,0,0,0,0,6,13,0,0
ec4e83201ffb6896.jpg,12,0,6,13,0,0,0,0,0,0,2,13
ec60fc9fc1c11bc1.jpg,10,13,9,13,0,0,0,0,0,0,3,13
ec6bd8141cbb22ce.jpg,12,13,10,13,0,0,0,0,0,0,10,13
ec82c4c5dac8ab7a.jpg,0,0,12,13,0,0,0,0,0,0,13,13
ec86b5d8c968c98d.jpg,1,12,1,0,0,0,0,0,0,0,11,0
ec94b6cfcf6d0060.jpg,11,13,7,13,0,0,0,0,0,0,5,13
ec9aa492ee01e43f.jpg,8,0,8,13,0,0,0,0,0,0,9,13
ec9d8ec33374348c.jpg,10,13,4,13,0,0,0,0,0,0,5,13
eca213dbcb84a794.jpg,12,13,7,13,0,0,0,0,0,0,3,0
ecdec4309c61fc07.jpg,0,0,11,0,0,0,0,0,0,0,1,11
ece68eb9709b2382.jpg,2,9,9,0,0,0,0,0,0,0,2,0
ecf5add014421ec7.jpg,7,0,11,13,0,0,0,0,0,0,10,13
ed047a7a2ff4f100.jpg,0,0,13,13,0,0,0,0,0,0,1,13
ed289827d57592f0.jpg,9,0,6,13,0,0,0,0,0,0,6,13
ed35c7d0c98a2b1c.jpg,8,0,5,13,0,0,0,0,5,13,0,0
ed62c2cad9ea7860.jpg,9,0,6,13,0,0,0,0,0,0,6,13
ed66c6b6e4d33005.jpg,11,13,7,13,0,0,0,0,0,0,6,13
ed82367d2270f730.jpg,6,0,9,13,0,0,0,0,0,0,7,13
ed84c16f696ba292.jpg,3,11,11,0,0,0,0,0,0,0,0,0
ed85ab9ac8d2283d.jpg,0,0,13,13,0,0,0,0,0,0,1,13
ed8ad58083ef838d.jpg,2,8,7,0,0,0,0,0,0,0,6,0
ed993d2a7418a3c3.jpg,13,13,0,0,0,0,8,13,0,0,0,0
eda3c29758f1a24a.jpg,1,0,7,13,0,0,0,0,12,13,0,0
eda692cf6d844278.jpg,12,13,7,13,0,0,0,0,0,0,5,13
edb4c6923d49c7c0.jpg,13,13,0,0,0,0,7,13,0,0,0,0
edb5000ace83dfc6.jpg,2,0,12,13,0,0,0,0,0,0,11,13
edb585a4ced6130a.jpg,8,0,8,13,0,0,0,0,0,0,5,13
edd481af59133a92.jpg,0,0,8,13,0,0,0,0,13,13,0,0
ede142c2878d8db9.jpg,7,13,13,13,0,0,0,0,0,0,9,13
ede1c133cd38c938.jpg,5,13,0,0,0,0,0,0,13,13,0,0
ede9cac2222b23b5.jpg,3,13,12,13,0,0,0,0,0,0,0,0
ee35d7b418f63480.jpg,3,0,13,13,0,0,0,0,0,0,12,13
ee38d05f98429b4e.jpg,13,13,6,13,0,0,0,0,0,0,0,0
eeb7164318eea324.jpg,0,12,0,0,0,0,0,0,0,0,12,0
eed95ad30171b321.jpg,0,0,1,0,1,11,0,0,9,0,0,0
ef0275948cb82aed.jpg,3,13,0,0,0,0,13,13,0,0,0,0
ef30e1849fd6c48c.jpg,8,0,7,13,0,0,0,0,0,0,7,13
ef35cbe540cc07a1.jpg,10,13,7,13,0,0,0,0,0,0,6,13
ef55bacde9c04580.jpg,1,12,12,0,0,0,0,0,0,0,3,0
ef58cbc8a4c6227a.jpg,4,0,10,13,0,0,0,0,0,0,9,13
ef63844b2ccf1926.jpg,4,10,9,0,0,0,0,0,0,0,3,0
ef6bd231c24842dd.jpg,1,10,10,0,0,0,0,0,0,0,0,0
ef8f56308bc34968.jpg,1,0,5,0,0,0,0,0,0,0,0,8
efa0cf68486aca66.jpg,10,0,5,13,0,0,0,0,0,0,3,13
efa882dbc94788ac.jpg,13,13,4,13,0,0,0,0,0,0,2,0
efd88db0c48a7474.jpg,0,0,9,13,0,0,0,0,13,13,0,0
efe3e0401e7e9c44.jpg,11,13,10,13,0,0,0,0,0,0,10,13
f002bd6bcb39a0e9.jpg,4,8,8,0,0,0,0,0,0,0,1,0
f0198e5a8aabad2d.jpg,3,0,1,0,0,0,0,0,0,8,0,0
f0238f860f9efc18.jpg,0,10,2,0,0,0,0,0,0,0,1,0
f02883d609affb8a.jpg,0,0,12,0,0,0,0,0,0,0,1,12
f0319011fbd78c9e.jpg,2,13,0,0,0,0,0,0,13,13,0,0
f0339336244efcc5.jpg,0,10,0,0,0,0,0,0,0,0,10,0
f04593e39ba539a4.jpg,3,0,12,13,0,0,0,0,0,0,11,13
f05a9a745b4d4875.jpg,0,0,4,13,0,0,0,0,13,13,0,0
f060008e97f0ef77.jpg,1,9,0,0,0,0,0,0,9,0,0,0
f062499a78fde0c5.jpg,8,0,11,13,0,0,0,0,0,0,9,13
f063cdf84a08ceae.jpg,11,13,10,13,0,0,0,0,0,0,2,0
f069b623fd932c82.jpg,7,0,5,13,0,0,0,0,5,13,0,0
f06bc12e7e809c8f.jpg,0,0,11,13,0,0,0,0,0,0,6,13
f071c2bf2ac1470f.jpg,4,13,0,0,0,0,12,13,0,0,0,0
f079dec4c4f00d87.jpg,9,0,4,10,0,0,0,0,0,0,0,0
f07ac7cd1ae0e183.jpg,8,0,5,13,0,0,0,0,0,0,3,13
f08087bc8fa18ff8.jpg,7,13,7,13,0,0,0,0,0,0,2,0
f08cc3369acf95c2.jpg,12,13,10,13,0,0,0,0,0,0,6,0
f08e137bdb307914.jpg,13,13,0,0,0,0,13,13,0,0,0,0
f09047534b76db29.jpg,7,0,11,13,0,0,0,0,0,0,4,13
f09697d6dada8805.jpg,3,0,5,13,0,0,0,0,13,13,0,0
f09a9f50e82e6b25.jpg,7,13,11,13,0,0,0,0,0,0,13,13
f09e16cde96b2582.jpg,6,0,12,13,0,0,0,0,0,0,4,13
f0a6cfda4bcc1384.jpg,1,11,3,0,0,0,0,0,0,0,11,0
f0acc1c8e903e0ff.jpg,0,0,13,13,0,0,0,0,0,0,2,13
f0b09ac1f8cf45c5.jpg,12,13,12,13,0,0,0,0,0,0,1,0
f0bfc210c2f3acd1.jpg,0,11,10,0,0,0,0,0,0,0,0,0
f0c4859dd41adb9a.jpg,10,0,0,0,0,0,0,0,10,10,0,0
f0c68bc61d812bfc.jpg,0,0,7,0,0,0,0,8,0,0,0,0
f0d08fe188bee09e.jpg,5,13,11,13,0,0,0,0,0,0,9,13
f0d4e30585c398ef.jpg,0,0,13,13,0,0,0,0,0,0,7,13
f0d98ec7db934124.jpg,7,0,6,13,0,0,0,0,10,13,0,0
f0d9cbc56d42301f.jpg,13,13,5,13,0,0,0,0,0,0,0,0
f0dbc1f4358b548c.jpg,13,13,0,0,0,0,12,13,0,0,0,0
f0e9b0cbb90f0f30.jpg,0,0,2,0,0,0,0,0,0,9,0,0
f0eb97c70a9e8988.jpg,1,0,4,13,0,0,0,0,0,0,12,13
f0ec61f13b705a32.jpg,5,8,8,0,0,0,0,0,0,0,1,0
f0f0f4596caa9cd0.jpg,0,0,4,13,0,0,0,0,13,13,0,0
f0f847c9cd5d8644.jpg,5,13,2,0,0,0,0,0,12,13,0,0
f1048e4ad0fa8e3f.jpg,4,9,8,0,0,0,0,0,0,0,8,0
f10f8cb24c99c3d9.jpg,3,0,11,13,0,0,0,0,0,0,11,13
f11bdab109d2e5e0.jpg,1,8,0,0,0,0,0,0,8,0,0,0
f1348f629b2ff00a.jpg,5,13,0,0,0,0,0,0,11,13,0,0
f137c8269fa812ea.jpg,13,13,0,0,0,0,7,13,0,0,0,0
f14192bc51e266fc.jpg,4,13,7,13,0,0,0,0,0,0,13,13
f14ac31da5b0638f.jpg,6,13,11,13,0,0,0,0,0,0,0,0
f15ad2bac3e0cf01.jpg,9,13,13,13,0,0,0,0,0,0,0,0
f164d3ab4dd57440.jpg,11,0,4,13,0,0,0,0,0,0,2,13
f16e979a36164a61.jpg,9,0,4,10,0,0,0,0,1,0,0,0
f1810e0dd997ef12.jpg,11,13,7,13,0,0,0,0,0,0,5,13
f188d04d97798af4.jpg,9,13,4,0,0,0,0,0,8,13,0,0
f19fc7c782910d1a.jpg,0,0,9,0,0,11,0,0,0,0,0,0
f1b0fc889a37a634.jpg,0,0,11,13,0,0,0,0,10,13,0,0
f1c1ce9acc9a845d.jpg,10,13,0,0,0,0,13,13,0,0,0,0
f1d280259a4d73bd.jpg,7,8,8,0,0,0,0,0,0,0,3,0
f1d662b85a2dac43.jpg,1,9,1,0,0,0,0,0,0,0,9,0
f1fef07ad500814b.jpg,11,13,9,13,0,0,0,0,0,0,3,13
f21bfc412dac0aab.jpg,3,0,12,13,0,0,0,0,0,0,7,13
f224c3f95f615c21.jpg,0,0,10,0,0,0,0,0,0,0,4,10
f22ec5be9401b82f.jpg,0,0,9,0,0,0,0,0,0,0,4,9
f232d6b3c1593790.jpg,0,0,11,13,0,0,0,0,0,0,10,13
f23982695aed13ac.jpg,9,13,13,13,0,0,0,0,0,0,9,13
f23dcaa254ca74b2.jpg,4,0,7,13,0,0,0,0,0,0,9,13
f269c1c4edc7c446.jpg,1,11,0,0,0,0,0,0,6,0,4,0
f26cd50a8458c7f5.jpg,9,0,9,13,0,0,0,0,0,0,3,13
f2a9148ff9da5450.jpg,6,0,11,13,0,0,0,0,1,0,1,13
f2a9c51c7035671e.jpg,0,13,1,0,0,0,0,0,10,0,0,0
f2ac8c0f4ea805fb.jpg,0,0,13,13,0,0,0,0,0,0,7,13
f2b04abc9e4a9d52.jpg,6,13,6,13,0,0,0,0,3,0,5,13
f2b0ccdccbac6807.jpg,9,13,0,0,0,0,0,0,13,13,0,0
f2c0bf2b7f09b201.jpg,13,13,0,0,0,0,0,0,4,13,0,0
f2dc41a1fccb6486.jpg,8,0,12,13,0,0,0,0,0,0,5,13
f2e189383133a6ee.jpg,8,13,8,13,0,0,0,0,0,0,7,13
f3094e360dec54cd.jpg,0,9,2,0,0,0,0,0,0,0,0,0
f310039e54bbc1f5.jpg,4,10,10,0,0,0,0,0,0,0,0,0
f3349f718a23249e.jpg,3,0,13,13,0,0,0,0,0,0,13,13
f337d482839f80f1.jpg,0,0,0,0,7,0,0,9,0,0,0,0
f35b81fa9ca67204.jpg,10,0,0,0,0,0,0,0,1,11,1,0
f38cf20fc4e419d4.jpg,12,13,6,13,0,0,0,0,0,0,5,13
f39913d6da357408.jpg,3,13,0,0,0,0,13,13,0,0,0,0
f3c2b783d2afc240.jpg,0,11,11,0,0,0,0,0,0,0,0,0
f3e5a0ac6d132c1b.jpg,1,10,0,0,0,0,0,0,10,0,0,0
f403db3cf924c196.jpg,0,0,3,13,0,0,0,0,0,0,13,13
f40685e2dec28aed.jpg,13,13,3,13,0,0,0,0,0,0,3,13
f41787a50fe27630.jpg,9,11,11,0,0,0,0,0,0,0,6,0
f421d0f700c6d3be.jpg,0,0,8,0,0,0,0,0,0,0,7,8
f42d0bfcb0b3610b.jpg,7,0,7,13,0,0,0,0,0,0,9,13
f435e706de20c3c5.jpg,5,0,12,13,0,0,0,0,0,0,11,13
f4479262b5528cf9.jpg,7,13,11,13,0,0,0,0,0,0,0,0
f449e2319ce711da.jpg,7,0,6,13,0,0,0,0,4,13,0,0
f47992972d24f868.jpg,13,13,5,13,0,0,0,0,0,0,0,0
f482d6de85e14a1d.jpg,13,13,5,13,0,0,0,0,0,0,1,0
f486e17e8d068a3e.jpg,6,0,13,13,0,0,0,0,0,0,9,13
f48bc61f62444f4d.jpg,10,13,9,13,0,0,0,0,0,0,1,0
f48dd51b4e2d0f44.jpg,1,11,10,0,0,0,0,0,0,0,0,0
f492c465e8649b37.jpg,8,0,6,0,0,0,0,0,0,0,4,13
f49ac3b8c4b58972.jpg,0,0,8,13,0,0,0,0,13,13,0,0
f4a0c077c79a8cd9.jpg,0,11,11,0,0,0,0,0,0,0,0,0
f4a1439d1e3071b7.jpg,9,13,6,13,0,0,0,0,0,0,6,0
f4a2dab7410bb558.jpg,8,13,12,13,0,0,0,0,0,0,5,13
f4a390c7c1ae633c.jpg,13,13,0,0,0,0,8,13,0,0,0,0
f4b1cc948f8a06eb.jpg,11,13,11,13,0,0,0,0,0,0,5,13
f4b99bd1592c2564.jpg,4,10,9,0,0,0,0,0,0,0,2,0
f4bcdb58fdf10080.jpg,13,13,5,13,0,0,0,0,0,0,0,0
f4c092bec9b4cd38.jpg,13,13,8,13,0,0,0,0,0,0,5,13
f4c09f4ad3311be4.jpg,13,13,5,13,0,0,0,0,0,0,0,0
f4c1c1991c683b6f.jpg,8,0,9,13,0,0,0,0,0,0,1,13
f4c485af87968a95.jpg,1,9,9,0,0,0,0,0,0,0,0,0
f4c54dca682a7273.jpg,5,8,8,0,0,0,0,0,0,0,0,0
f4c68be071a3568d.jpg,12,13,4,13,0,0,0,0,0,0,0,0
f4cf9f10696b052c.jpg,1,0,0,0,1,8,0,0,2,0,2,0
f4d0f030871b5e3e.jpg,1,11,11,0,0,0,0,0,0,0,0,0
f4d5de8b0d8264c3.jpg,8,0,10,13,0,0,0,0,0,0,9,13
f4dd686003f29bb2.jpg,10,0,6,13,0,0,0,0,0,0,5,13
f4e2cbc63029e2b3.jpg,9,0,1,9,0,0,0,0,0,0,0,0
f4e38386c0de6599.jpg,3,0,12,13,0,0,0,0,0,0,9,13
f4e737c4dac8a904.jpg,1,11,11,0,0,0,0,0,0,0,0,0
f4f4305212969f9b.jpg,4,8,7,0,0,0,0,0,0,0,1,0
f50ac4a0e9777b14.jpg,0,9,0,0,0,0,0,0,0,0,9,0
f511f229c175897a.jpg,0,0,7,13,0,0,0,0,0,0,13,13
f5139361351a6b99.jpg,2,13,0,0,0,0,12,13,0,0,0,0
f525c234c71b349d.jpg,0,0,13,13,0,0,0,0,0,0,12,13
f5330be1691f505c.jpg,2,8,7,0,0,0,0,0,0,0,0,0
f539c724d36a9452.jpg,12,13,6,13,0,0,0,0,0,0,6,13
f53c3194f8c390cb.jpg,0,0,10,0,0,10,0,0,0,0,0,0
f53ee0b8ca09c88f.jpg,4,0,11,13,0,0,0,0,0,0,11,13
f54695063fb0b5a8.jpg,0,0,0,0,9,0,1,0,0,0,0,10
f548c425ce429e7e.jpg,12,13,5,13,0,0,0,0,0,0,5,13
f56ac13526a8baa5.jpg,0,0,4,13,0,0,0,0,13,13,0,0
f58390dfa8dda484.jpg,5,12,12,0,0,0,0,0,0,0,0,0
f592d2c0d8c4e4ee.jpg,13,13,7,13,0,0,0,0,0,0,5,13
f596a13a9f2092e3.jpg,6,13,7,13,0,0,0,0,0,0,12,13
f59f8628927d9a05.jpg,13,13,2,13,0,0,0,0,0,0,0,0
f5ab17d41803863f.jpg,0,0,10,0,0,0,0,0,0,0,1,10
f5b51c5d6823238b.jpg,4,8,8,0,0,0,0,0,0,0,2,0
f5b5db2bc9700852.jpg,5,13,13,13,0,0,0,0,0,0,13,13
f5b7233006c5ae4e.jpg,12,13,0,0,0,0,0,0,8,13,0,0
f5c0831e316fb1c6.jpg,13,13,5,13,0,0,0,0,0,0,0,0
f5c5c4478856b837.jpg,7,8,3,0,0,0,0,0,7,0,0,0
f5cb5a941a337605.jpg,4,9,8,0,0,0,0,0,0,0,1,0
f5cbd285dd1a1e10.jpg,8,13,5,13,0,0,0,0,0,0,11,13
f5d3a38b4ba53118.jpg,12,13,7,13,0,0,0,0,0,0,2,0
f5dce6c5948c9c84.jpg,8,0,6,13,0,0,0,0,0,0,6,13
f5f0e18e3828487f.jpg,13,13,3,13,0,0,0,0,0,0,0,0
f5f4c32c4d2e20a7.jpg,8,0,0,0,0,0,0,0,8,8,0,0
f5f5d5158a1a02f2.jpg,2,10,0,0,0,0,0,0,6,0,1,0
f601e6bc07f9406b.jpg,3,0,9,13,0,0,0,0,0,0,3,13
f61418f09ff68670.jpg,0,11,11,0,0,0,0,0,0,0,0,0
f61cc3524ed6bc0c.jpg,7,0,11,13,0,0,0,0,0,0,3,13
f61de78d9b402ad0.jpg,13,13,0,0,0,0,10,13,0,0,0,0
f627c42687268f56.jpg,1,9,9,0,0,0,0,0,0,0,2,0
f68683579b3ae818.jpg,10,13,7,13,0,0,0,0,0,0,8,13
f69942d8212d31ef.jpg,1,8,0,0,0,0,0,0,8,0,0,0
f6a08b8adeb8b449.jpg,9,0,0,0,0,0,0,0,3,9,0,0
f6aad316c8298575.jpg,4,0,11,13,0,0,0,0,0,0,4,13
f6b882f059c701ee.jpg,1,0,13,13,0,0,0,0,0,0,3,13
f6eca029879b5e30.jpg,0,0,4,13,0,0,0,0,12,13,1,0
f72b1f25089837c9.jpg,0,0,9,13,0,0,0,0,0,0,13,13
f738c9e1ece310e0.jpg,6,13,10,13,0,0,0,0,0,0,4,0
f74aa07dd01552ad.jpg,0,0,13,13,0,0,0,0,0,0,3,13
f74cc28aab3d541a.jpg,6,0,12,13,0,0,0,0,0,0,6,13
f781e82697b60273.jpg,13,13,9,13,0,0,0,0,0,0,6,13
f7920aca5af61585.jpg,5,13,9,13,0,0,0,0,0,0,10,13
f7d0a0f802b3781f.jpg,8,13,13,13,0,0,0,0,0,0,9,13
f80562d4d5b783ac.jpg,2,0,2,0,0,8,0,0,0,0,0,0
f80781cadb97e944.jpg,4,13,7,13,0,0,0,0,0,0,13,13
f80aca92cfecb138.jpg,1,10,10,0,0,0,0,0,0,0,0,0
f825072c8df8693b.jpg,4,0,13,13,0,0,0,0,0,0,7,13
f8278d078975f0d4.jpg,5,13,0,0,0,0,0,0,13,13,0,0
f853b40fbfe90089.jpg,8,0,12,13,0,0,0,0,0,0,8,13
f886d22adb354b34.jpg,7,0,13,13,0,0,0,0,0,0,11,13
f8898f133e1ec0ce.jpg,4,0,11,13,0,0,0,0,0,0,11,13
f88dc1f31f42076c.jpg,8,0,6,13,0,0,0,0,0,0,4,13
f891839e8f342e72.jpg,2,0,12,13,0,0,0,0,0,0,3,13
f891c19fbf301233.jpg,5,0,12,13,0,0,0,0,0,0,10,13
f8b02792874b176d.jpg,12,13,2,0,0,0,0,0,3,13,0,0
f8b0f1a11a46347f.jpg,0,0,13,13,0,0,0,0,0,0,5,13
f8b371039bcc26e4.jpg,7,0,10,13,0,0,0,0,0,0,8,13
f8b5815fda688a2a.jpg,2,0,13,13,0,0,0,0,0,0,13,13
f8b6c08387c707ce.jpg,1,12,12,0,0,0,0,0,0,0,2,0
f8be9580a45c85e7.jpg,1,10,0,0,0,0,0,0,9,0,0,0
f8c11b2150bf6db1.jpg,9,0,6,13,0,0,0,0,0,0,4,13
f8c187cf8e0c0e3e.jpg,0,0,9,0,0,0,0,0,0,0,9,9
f8cdc888fd1cf122.jpg,0,0,0,0,9,0,0,0,0,0,0,10
f8e0cb1be10fc13c.jpg,4,0,13,13,0,0,0,0,0,0,11,13
f8e1c1b7b324b590.jpg,8,0,6,8,0,0,0,0,0,0,1,0
f8e67b39cd0cdc00.jpg,5,10,8,0,0,0,0,0,0,0,4,0
f917cd90a116f2a3.jpg,12,13,0,0,0,0,12,13,0,0,0,0
f91f819249f5036d.jpg,0,0,0,8,2,0,0,0,0,0,0,0
f92d44f8ee98e224.jpg,0,8,0,0,1,0,0,0,0,0,5,0
f9530fa2ec34a60d.jpg,0,0,0,0,0,0,0,0,0,9,9,0
f966d745a498053d.jpg,1,10,10,0,0,0,0,0,0,0,0,0
f987cce12f385074.jpg,9,13,7,13,0,0,0,0,0,0,9,13
f98a6178fb310a53.jpg,0,0,13,13,0,0,0,0,0,0,9,13
f9925e8983ca1f85.jpg,3,11,11,0,0,0,0,0,0,0,1,0
f992d5028a274f75.jpg,0,9,0,0,5,0,0,0,0,0,1,0
f99584c9944f5a95.jpg,13,13,5,13,0,0,0,0,0,0,1,0
f9ca3cc3824e7a54.jpg,0,0,13,13,0,0,0,0,0,0,5,13
f9d9a1d8a472560b.jpg,2,11,11,0,0,0,0,0,0,0,0,0
f9e17d1060dc18f6.jpg,0,0,10,0,0,0,0,0,0,0,2,10
f9e6dd41288a2778.jpg,1,10,10,0,0,0,0,0,0,0,0,0
f9e88fec002472eb.jpg,11,13,9,13,0,0,0,0,0,0,0,0
fa0297d21fc123cb.jpg,6,0,7,13,0,0,0,0,0,0,5,13
fa07905acbe1c54b.jpg,12,13,10,13,0,0,0,0,0,0,6,13
fa3c97d078d65828.jpg,8,0,5,13,0,0,0,0,0,0,7,13
fa5e87e2386c86c2.jpg,5,11,0,0,0,0,11,0,0,0,0,0
fa63c89f1d903583.jpg,2,0,12,13,0,0,0,0,0,0,10,13
faa285e1ed450d0f.jpg,2,13,0,0,0,0,13,13,0,0,0,0
faa4708f0fdf0198.jpg,4,0,13,13,0,0,0,0,0,0,3,13
faa8529ab5e24754.jpg,13,13,6,13,0,0,0,0,0,0,5,13
fab5c8e30f0b7070.jpg,0,0,3,13,0,0,0,0,13,13,0,0
fabb86521e27e184.jpg,1,10,8,0,0,0,0,0,2,0,0,0
facf81eb9403d826.jpg,2,11,1,0,0,0,0,0,11,0,0,0
fad0d2536b65b098.jpg,12,13,0,0,0,0,11,13,0,0,0,0
fae1c396259a3495.jpg,12,0,5,13,0,0,0,0,0,0,4,13
fae2d4c4c93a3b30.jpg,6,9,9,0,0,0,0,0,0,0,3,0
fae49a87d09285f2.jpg,7,0,13,13,0,0,0,0,0,0,11,13
faeec30c5d486c49.jpg,2,10,8,0,0,0,0,0,2,0,0,0
fb06c19485507c7f.jpg,8,0,9,13,0,0,0,0,0,0,6,13
fb4a41dc271603d7.jpg,9,0,6,13,0,0,0,0,0,0,6,13
fb9760c05a6c8f16.jpg,0,0,4,13,0,0,0,0,6,0,5,13
fb9fd1486816f2a0.jpg,9,0,6,13,0,0,0,0,0,0,5,13
fba8d59054005efd.jpg,7,0,12,13,0,0,0,0,0,0,7,13
fbadc7fb0d118101.jpg,3,0,11,13,0,0,0,0,0,0,8,13
fbbb22e65cc88948.jpg,3,10,10,0,0,0,0,0,0,0,0,0
fbc483ae483edc90.jpg,11,13,0,0,0,0,13,13,0,0,0,0
fbd0a8052e233f3a.jpg,11,13,9,13,0,0,0,0,0,0,6,13
fbf0cdbe488b0311.jpg,0,8,0,0,0,0,0,0,3,0,1,0
fc0ab11bc01fc6ad.jpg,12,13,10,13,0,0,0,0,0,0,5,13
fc0fc06d0321bf2b.jpg,2,9,8,0,0,0,0,0,0,0,8,0
fc248e8e9fe03075.jpg,4,0,13,13,0,0,0,0,0,0,8,13
fc2b849acc9a6da1.jpg,12,13,7,13,0,0,0,0,0,0,5,0
fc35e5b8acf802e0.jpg,13,13,5,13,0,0,0,0,0,0,1,0
fc4d3c26cb81dc0b.jpg,13,13,5,13,0,0,0,0,0,0,4,13
fc5fd028d2a988f4.jpg,2,0,12,13,0,0,0,0,0,0,9,13
fc6b801addb05ce1.jpg,10,0,9,13,0,0,0,0,0,0,5,13
fc6d94c1c0cac3e3.jpg,6,11,11,0,0,0,0,0,0,0,7,0
fc80c00fdf5e7861.jpg,9,13,12,13,0,0,0,0,0,0,7,13
fc8f8a9893c32617.jpg,13,13,0,0,0,0,5,13,0,0,0,0
fc90c7f580cd856c.jpg,10,13,0,0,0,0,12,13,0,0,0,0
fc9692c95bc8c4aa.jpg,13,13,6,13,0,0,0,0,0,0,0,0
fc99152dad85cc98.jpg,0,0,0,0,0,0,0,0,0,10,8,0
fcaa8b0fd8193564.jpg,8,9,8,0,0,0,0,0,0,0,4,0
fcb342b3847a8cf0.jpg,1,13,13,13,0,0,0,0,0,0,2,13
fcca4570bc5259e4.jpg,6,13,12,13,0,0,0,0,0,0,8,13
fce0003f189f0d9f.jpg,3,0,5,13,0,0,0,0,7,13,0,0
fce0c29e3d2d3a21.jpg,12,13,4,13,0,0,1,0,0,0,0,0
fce284faa4d7c094.jpg,1,10,0,0,0,0,0,0,10,0,0,0
fce3c0b7381a32e8.jpg,5,10,7,0,0,0,0,0,3,0,1,0
fceec0425f0d3a68.jpg,0,0,12,13,0,0,0,0,9,13,0,0
fd05f83c89628b63.jpg,7,0,11,13,0,0,0,0,0,0,0,13
fd1ec0609cc790ee.jpg,9,0,12,13,0,0,0,0,0,0,9,13
fd1ec278190f9b21.jpg,0,0,0,0,0,8,1,0,0,0,2,0
fd32c1ea1be4a560.jpg,10,0,6,13,0,0,0,0,0,0,4,13
fd36d2908bc189cb.jpg,0,11,11,0,0,0,0,0,0,0,0,0
fd42c207c19ec43f.jpg,3,13,0,0,0,0,13,13,0,0,0,0
fd5080b2dd09a2fd.jpg,13,13,5,13,0,0,0,0,0,0,3,0
fd5e4285d4d2a05b.jpg,12,13,4,13,0,0,0,0,1,0,0,0
fd640bc52da0748f.jpg,11,0,7,13,0,0,0,0,0,0,5,13
fd6838fc62b4d620.jpg,0,0,0,9,0,0,1,0,0,0,1,0
fd85c4cb06c03e57.jpg,3,10,10,0,0,0,0,0,0,0,5,0
fd8a223fc232e8f0.jpg,8,0,6,13,0,0,0,0,0,0,5,13
fd954872dd390472.jpg,8,0,9,13,0,0,0,0,0,0,7,13
fd9ad0505f632866.jpg,1,0,11,0,0,0,0,0,0,0,8,11
fda0a7f5c008accb.jpg,0,0,13,13,0,0,0,0,0,0,5,13
fdad80d016de1acc.jpg,0,0,8,0,3,8,0,0,0,0,0,0
fdb2fe52c8d1a0c0.jpg,0,0,13,13,0,0,0,0,0,0,2,13
fdbea80e940c8b63.jpg,6,13,13,13,0,0,0,0,0,0,0,0
fdc03a47d0d7c854.jpg,0,0,13,13,0,0,0,0,0,0,13,13
fdc5927c98a4c4b2.jpg,1,9,0,0,0,0,0,0,9,0,0,0
fdcecda5662283c0.jpg,0,0,12,13,0,0,0,0,5,0,2,13
fdeac39a1828b493.jpg,7,0,6,13,0,0,0,0,0,0,6,13
fded80c09f8f3828.jpg,0,0,12,13,0,0,0,0,0,0,1,13
fdf6d08981286f1c.jpg,7,0,10,13,0,0,0,0,0,0,8,13
fdfdd000c412c5f6.jpg,1,0,13,13,0,0,0,0,0,0,6,13
fe0d8008d4ffc09f.jpg,0,0,0,0,8,0,0,0,0,0,0,8
fe18911abaf033c6.jpg,5,13,0,0,0,0,13,13,0,0,0,0
fe2f89368b14c455.jpg,3,12,12,0,0,0,0,0,0,0,5,0
fe31965acb41e1c4.jpg,3,0,12,13,0,0,0,0,0,0,11,13
fe35c2293b37b044.jpg,0,9,0,0,0,0,0,0,7,0,0,0
fe6197a908dc299c.jpg,9,0,7,13,0,0,0,0,0,0,7,13
fe81989bc9ca20be.jpg,9,13,10,13,0,0,0,0,0,0,9,13
fe92e53ec86cc320.jpg,0,12,12,0,0,0,0,0,0,0,0,0
fea13d9cc0920eb3.jpg,6,0,5,13,0,0,0,0,0,0,8,13
feb2051b85e00bee.jpg,2,0,6,0,0,0,0,0,0,8,0,0
feb391e50d25a524.jpg,6,13,13,13,0,0,0,0,0,0,6,13
febcf402821ac13f.jpg,0,0,5,13,0,0,0,0,13,13,0,0
fec3039cd2ae512a.jpg,0,0,13,13,0,0,0,0,0,0,8,13
fed4966a684d0696.jpg,3,10,0,0,0,0,0,0,10,0,0,0
fedae01aa112ba78.jpg,2,13,8,13,0,0,0,0,0,0,12,13
fee120dc271f3c28.jpg,0,0,11,13,0,0,0,0,0,0,13,13
fee4c2e29b0f121a.jpg,1,11,11,0,0,0,0,0,0,0,5,0
ff0200ae55afa05f.jpg,0,0,0,0,11,0,0,0,0,0,0,11
ff0230ddc1c98ecc.jpg,3,0,7,13,0,0,0,0,8,13,0,0
ff02d6ee4a00a9b5.jpg,2,0,13,13,0,0,0,0,0,0,4,13
ff0cd19c83ac878a.jpg,1,12,8,0,0,0,0,0,7,0,0,0
ff331233da9091ca.jpg,8,13,0,0,0,0,0,0,8,13,0,0
ff3484301e47ddc4.jpg,1,8,8,0,0,0,0,0,0,0,0,0
ff408342d4ef910f.jpg,1,0,7,0,0,0,0,0,0,0,8,8
ff5abca8c03264d8.jpg,0,0,0,0,2,0,0,9,1,0,0,0
ff78c07e00052f9b.jpg,2,9,0,0,0,0,0,0,9,0,0,0
ff83c180c8cfe8e4.jpg,12,13,6,13,0,0,0,0,0,0,5,0
ff854e3c1f305170.jpg,13,13,5,13,0,0,0,0,0,0,0,0
ff8ac2d286a6a43c.jpg,5,9,9,0,0,0,0,0,0,0,1,0
ff9b903b68899252.jpg,0,0,0,0,8,0,0,8,0,0,0,0
ff9d804a4661e4a7.jpg,0,0,0,0,7,0,0,0,0,0,2,10
ffa4c0969e7203d1.jpg,0,0,10,0,3,10,0,0,0,0,0,0
ffb49e8d84256183.jpg,12,13,8,13,0,0,0,0,0,0,5,13
ffc1039e3dc47490.jpg,5,0,7,13,0,0,0,0,6,13,0,0
ffe1e03542661f22.jpg,7,9,9,0,0,0,0,0,0,0,1,0
fff094a1d85289a5.jpg,4,13,0,0,0,0,13,13,0,0,0,0
fffe105cf6808292.jpg,1,0,7,13,0,0,0,0,0,0,13,13
